base_date,end_date,bench_return,lev_return,naive_return,deviation,drag,vol,pos_days,pos_share,bench_max_drawdown,sum_sq,actual_return
2021-10-11,2022-01-10,0.06060436954156079,0.1609884144537801,0.18181310862468236,-0.02082469417090227,-0.02687719599590077,0.19128482342148823,36,0.5714285714285714,-0.05972920121785197,0.009066018554447648,0.16004813477737612
2021-10-12,2022-01-11,0.08030464243713986,0.22613906353239788,0.24091392731141958,-0.014774863779021707,-0.02747449083987219,0.1930911119985909,37,0.5873015873015873,-0.059729201217851746,0.009279513164714042,0.2235370400389045
2021-10-13,2022-01-12,0.07597222222222189,0.21161797730245557,0.22791666666666566,-0.016298689364210084,-0.027336699337936476,0.19268912176086467,37,0.5873015873015873,-0.059729201217852634,0.009231109897835025,0.2091549853488548
2021-10-14,2022-01-13,0.03008482666448442,0.06201182622645307,0.09025447999345326,-0.028242653767000192,-0.028348818735826398,0.19649083407380263,36,0.5714285714285714,-0.06517488056635079,0.009517743310979718,0.0627439207445204
2021-10-15,2022-01-14,0.03000487884208769,0.06176760712254592,0.09001463652626307,-0.02824702940371715,-0.02834603765209298,0.1964815991013241,36,0.5714285714285714,-0.06517488056635101,0.009516765228988259,0.059170289588091673
2021-10-18,2022-01-18,-0.0056353146384007236,-0.04629838182044543,-0.01690594391520217,-0.029392437905243263,-0.029991715567536326,0.2019625225045196,35,0.5555555555555556,-0.0827743260971805,0.010035360704038735,-0.04578623551294936
2021-10-19,2022-01-19,-0.02394332436679425,-0.09819679926312264,-0.07182997310038275,-0.026366826162739887,-0.030189986315991124,0.20254075821710235,34,0.5396825396825397,-0.09284883289190315,0.010098735891310471,-0.09877493874693821
2021-10-20,2022-01-20,-0.03536188596725265,-0.1299294164606759,-0.10608565790175795,-0.02384375855891796,-0.030693258115364275,0.20411714075758144,34,0.5396825396825397,-0.1046313027550193,0.010265732111497032,-0.13089887640449493
2021-10-21,2022-01-21,-0.06780289977999898,-0.2166585920125227,-0.20340869933999695,-0.013249892672525743,-0.03299695565582983,0.2107812984434278,33,0.5238095238095238,-0.12945864996658385,0.010997313670646403,-0.21807519834425726
2021-10-22,2022-01-24,-0.05560010692328188,-0.18536560297693028,-0.16680032076984563,-0.018565282207084643,-0.03284750610160836,0.21053374236832126,34,0.5396825396825397,-0.12945864996658285,0.010947669287599672,-0.18615515288788298
2021-10-25,2022-01-25,-0.08684147858068902,-0.2646054754337732,-0.2605244357420671,-0.004081039691706145,-0.03421187022512007,0.21398031757834735,33,0.5238095238095238,-0.14574618183618349,0.01138023340240272,-0.26814183617372234
2021-10-26,2022-01-26,-0.09113209537877132,-0.2749069015631902,-0.27339628613631395,-0.0015106154268762495,-0.034190506866031534,0.21378498805640075,32,0.5079365079365079,-0.1470828485853608,0.011372767237910187,-0.2762799564270153
2021-10-27,2022-01-27,-0.10236842105263155,-0.30167587716729993,-0.30710526315789466,0.005429385990594726,-0.03447688337562982,0.21433797055373727,31,0.49206349206349204,-0.15567217010322032,0.011468794858926188,-0.3034315049986497
2021-10-28,2022-01-28,-0.0843787413461029,-0.26059242655616655,-0.2531362240383087,-0.007456202517857835,-0.036756045027129924,0.22288986541251835,31,0.49206349206349204,-0.15567217010321988,0.012329488422090803,-0.26265533028123034
2021-10-29,2022-01-31,-0.05972391287456891,-0.20144168133809748,-0.17917173862370672,-0.022269942714390756,-0.03940468538307629,0.2323294177252675,31,0.49206349206349204,-0.15567217010321988,0.013327909165329225,-0.20301624129930473
2021-11-01,2022-02-01,-0.05655215135637415,-0.1934152272954296,-0.16965645406912244,-0.02375877322630715,-0.03950231301940732,0.2326818270414706,31,0.49206349206349204,-0.15567217010322043,0.013362508766094733,-0.19573680515667935
2021-11-02,2022-02-02,-0.05284667780490959,-0.1839899252861802,-0.15854003341472878,-0.025449891871451413,-0.03963867977738278,0.23315946515505107,31,0.49206349206349204,-0.15567217010322032,0.013411046949610993,-0.1875551076961841
2021-11-03,2022-02-03,-0.10079352968106148,-0.3053643991025765,-0.30238058904318443,-0.002983810059392078,-0.044614231016737116,0.24516034628119568,30,0.47619047619047616,-0.15567217010321976,0.01494215899111712,-0.30728848736418024
2021-11-04,2022-02-04,-0.10097433579428483,-0.30577307184060976,-0.3029230073828545,-0.0028500644577552636,-0.04460011066740022,0.24511210838290892,30,0.47619047619047616,-0.1556721701032201,0.014936979455511751,-0.30912728770670295
2021-11-05,2022-02-07,-0.10905669844455579,-0.3244610227355893,-0.32717009533366737,0.002709072598078066,-0.0447870293342888,0.24539592333105492,29,0.4603174603174603,-0.15567217010322,0.015000782335238327,-0.3272748592870548
2021-11-08,2022-02-08,-0.09782444857559192,-0.2988416632846681,-0.29347334572677575,-0.005368317557892355,-0.045132875822061824,0.24675880472118525,30,0.47619047619047616,-0.15567217010322054,0.015125179477100957,-0.3015424467208291
2021-11-09,2022-02-09,-0.07232115754325685,-0.23854338408746179,-0.21696347262977056,-0.021579911457691225,-0.04621122037553438,0.25063330369371184,31,0.49206349206349204,-0.15567217010322076,0.0155268437688215,-0.2426063957682134
2021-11-10,2022-02-10,-0.07979255988292955,-0.257507128957397,-0.23937767964878864,-0.01812944930860838,-0.0471268991399314,0.25287965429061565,31,0.49206349206349204,-0.15567217010321988,0.015823071293090168,-0.26045137360910353
2021-11-11,2022-02-11,-0.11144678563199195,-0.33370878756741895,-0.33434035689597585,0.0006315693285569024,-0.05024025432696788,0.2599909645963436,30,0.47619047619047616,-0.15567217010321965,0.01682164801781756,-0.3354951359441266
2021-11-12,2022-02-14,-0.11960983025082372,-0.3516975948600132,-0.35882949075247117,0.007131895892457996,-0.04993771342451503,0.2588716289176319,30,0.47619047619047616,-0.15567217010322032,0.016712459179015288,-0.3541251133272898
2021-11-15,2022-02-15,-0.09751400116570741,-0.30286248692923634,-0.2925420034971222,-0.010320483432114114,-0.05158801418596093,0.26433259697534006,31,0.49206349206349204,-0.15567217010321954,0.017330626917749094,-0.3071342200725513
2021-11-16,2022-02-16,-0.10412158421820739,-0.3179613217498082,-0.31236475265462216,-0.005596569095186021,-0.051446602217216975,0.26376699326939657,30,0.47619047619047616,-0.15567217010322032,0.017279982785266428,-0.3212889468072506
2021-11-17,2022-02-17,-0.13122752307421415,-0.37980383840940324,-0.39368256922264244,0.013878730813239204,-0.054174731098901696,0.26965354585659324,29,0.4603174603174603,-0.15567217010321988,0.01816440012368127,-0.38220328955153293
2021-11-18,2022-02-18,-0.14994399502177935,-0.41908197571689476,-0.44983198506533806,0.030750009348443297,-0.054258966062006975,0.2690824450214932,28,0.4444444444444444,-0.15567217010322,0.018187125146115375,-0.42086227682415744
2021-11-19,2022-02-22,-0.1631476026634321,-0.4458546421352021,-0.48944280799029627,0.043588165855094174,-0.0544660966116971,0.2690061021743566,27,0.42857142857142855,-0.1631476026634321,0.018256912254607526,-0.44812013096985426
2021-11-22,2022-02-23,-0.17500626095667426,-0.4699789822664344,-0.5250187828700228,0.055039800603588374,-0.05606707744547523,0.2723333005649796,27,0.42857142857142855,-0.18355308813324078,0.018778279239515597,-0.4720467836257308
2021-11-23,2022-02-24,-0.14337828318405976,-0.4084569636138359,-0.4301348495521793,0.02167788593834341,-0.05893611844470292,0.2819180263640802,28,0.4444444444444444,-0.18355308813324067,0.01988676765493154,-0.4123436295725381
2021-11-24,2022-02-25,-0.13288694954358493,-0.38686112850266685,-0.3986608486307548,0.011799720128087943,-0.05955872332963397,0.28395916044559827,28,0.4444444444444444,-0.18355308813324034,0.02011686641506867,-0.3901192504258948
2021-11-26,2022-02-28,-0.11349693251533755,-0.34407517836342605,-0.34049079754601264,-0.003584380817413413,-0.058515145902844234,0.2820495222660861,29,0.4603174603174603,-0.18355308813324078,0.019766304971597207,-0.34767470778413345
2021-11-29,2022-03-01,-0.14561284995871815,-0.4124579124371138,-0.43683854987615445,0.02438063743904062,-0.05794803861378184,0.27923833743839344,28,0.4444444444444444,-0.18355308813324078,0.019529748004658735,-0.4141544225253174
2021-11-30,2022-03-02,-0.11832817023005426,-0.3544392313671718,-0.3549845106901628,0.0005452793229909769,-0.058075192012010834,0.28067240251719366,29,0.4603174603174603,-0.1835530881332409,0.019595606719098713,-0.3586152058229858
2021-12-01,2022-03-03,-0.11588138045050678,-0.3488718964716039,-0.34764414135152033,-0.0012277551200835513,-0.05781794195076173,0.28012561634691924,29,0.4603174603174603,-0.183553088133241,0.019510227827668116,-0.3521598968407479
2021-12-02,2022-03-04,-0.13492857326049612,-0.390361282035091,-0.40478571978148836,0.014424437746397345,-0.05829117891967228,0.2806511052604361,28,0.4444444444444444,-0.18355308813324078,0.019668301365514236,-0.3913428679913934
2021-12-03,2022-03-07,-0.15208936914363236,-0.4279734791675234,-0.4562681074308971,0.0282946282633737,-0.061647698867847156,0.2875768694894054,28,0.4444444444444444,-0.19485476355705322,0.020726153600821636,-0.43070362473347545
2021-12-06,2022-03-08,-0.16273951320559288,-0.44919089572578974,-0.48821853961677864,0.039027643890988895,-0.061532315583546215,0.2868177898511338,27,0.42857142857142855,-0.19859720432239525,0.020683551652661353,-0.4513965752978709
2021-12-07,2022-03-09,-0.1579569162707689,-0.44027329236230284,-0.47387074881230673,0.03359745645000389,-0.06249608324746503,0.28977637356185476,27,0.42857142857142855,-0.19859720432239503,0.02107256923820657,-0.4429049211657904
2021-12-08,2022-03-10,-0.17101674132279,-0.4660868860489269,-0.51305022396837,0.04696333791944307,-0.06279778156864291,0.2899141446059639,26,0.4126984126984127,-0.19859720432239514,0.021175866905068962,-0.4682217117276313
2021-12-09,2022-03-11,-0.17608513448302165,-0.476181405078993,-0.528255403449065,0.05207399837007198,-0.06344368799234346,0.2911673067044595,26,0.4126984126984127,-0.19859720432239514,0.021389434924059484,-0.4786998276286627
2021-12-10,2022-03-14,-0.20059797492525344,-0.521950478434225,-0.6017939247757603,0.07984344634153528,-0.06421268123055901,0.2915971267693443,25,0.3968253968253968,-0.21143551105383207,0.02164008941899515,-0.5239744431838536
2021-12-13,2022-03-15,-0.1634375159333098,-0.45327010087567887,-0.4903125477999294,0.037042446924250516,-0.06614882169336578,0.29883678047300366,26,0.4126984126984127,-0.21143551105383163,0.022415258393515002,-0.45654208523117246
2021-12-14,2022-03-16,-0.12333848531684732,-0.3729711109340188,-0.37001545595054197,-0.0029556549834768298,-0.06933854759123992,0.3087664273033673,27,0.42857142857142855,-0.21143551105383163,0.023683553321524373,-0.37697749196141506
2021-12-15,2022-03-17,-0.1325022037526763,-0.3917949155332746,-0.3975066112580289,0.005711695724754273,-0.06836690935510814,0.30601857485666817,27,0.42857142857142855,-0.21143551105383152,0.02331038744223281,-0.3961035044333189
2021-12-16,2022-03-18,-0.09138144969496476,-0.30048536706166906,-0.27414434908489427,-0.026341017976774794,-0.06749320202855291,0.3054543258615227,28,0.4444444444444444,-0.21143551105383185,0.023068083719698724,-0.30560271646859105
2021-12-17,2022-03-21,-0.09048868566677992,-0.29840255362476087,-0.27146605700033977,-0.026936496624421102,-0.06746813349112701,0.30541308026150565,28,0.4444444444444444,-0.21143551105383163,0.023059284257356528,-0.2998673740053055
2021-12-20,2022-03-22,-0.0623341826683127,-0.23177010454937919,-0.1870025480049381,-0.04476755654444109,-0.06814797906422676,0.30761505586879634,29,0.4603174603174603,-0.2114355110538313,0.023325310375510114,-0.23562786246496725
2021-12-21,2022-03-23,-0.09604069782379698,-0.3111423824792986,-0.28812209347139095,-0.023020289007907646,-0.0674270148570626,0.3051125403207173,28,0.4444444444444444,-0.2114355110538314,0.023030963356503516,-0.3137694624207086
2021-12-22,2022-03-24,-0.0870668866607438,-0.29110911993159894,-0.2612006599822314,-0.029908459949367527,-0.06832914540166746,0.3075845241685965,28,0.4444444444444444,-0.21143551105383152,0.02337667080130482,-0.2944815639693146
2021-12-23,2022-03-25,-0.09465383452584908,-0.30852228103670787,-0.28396150357754724,-0.024560777459160632,-0.06817535795616347,0.30706637316433666,27,0.42857142857142855,-0.21143551105383163,0.023320529657929762,-0.3119410200628475
2021-12-27,2022-03-28,-0.09559333795975022,-0.31060718424303035,-0.2867800138792507,-0.02382717036377968,-0.06808673218188754,0.30682330316861245,27,0.42857142857142855,-0.21143551105383174,0.023286773902220993,-0.3134552165638159
2021-12-28,2022-03-29,-0.07574512586837967,-0.264792049159282,-0.227235377605139,-0.037556671554142995,-0.06881719794190522,0.3089928715342565,28,0.4444444444444444,-0.20790181238797034,0.02356146822314449,-0.2696819375547128
2021-12-29,2022-03-30,-0.08581745735275859,-0.28883565031871683,-0.25745237205827576,-0.03138327826044107,-0.069168211119773,0.30962973478628586,28,0.4444444444444444,-0.20790181238797079,0.023683450214599323,-0.2905073649754505
2021-12-30,2022-03-31,-0.09444236293243446,-0.3090856015559428,-0.2833270887973034,-0.025758512758639385,-0.06958661270167554,0.3104166373921642,28,0.4444444444444444,-0.2079018123879709,0.0238281501466782,-0.31342931319329714
2021-12-31,2022-04-01,-0.0904863642076158,-0.29991541547708,-0.2714590926228474,-0.028456322854232607,-0.06948608684773838,0.31026181138729025,28,0.4444444444444444,-0.20790181238797045,0.023792778232323217,-0.3034329345277459
2022-01-03,2022-04-04,-0.08061143198566012,-0.2775388874551311,-0.24183429595698036,-0.03570459149815075,-0.0703549146296405,0.31259907901915834,28,0.4444444444444444,-0.20790181238797056,0.0241239962042887,-0.28066382282475355
2022-01-04,2022-04-05,-0.08921229853456758,-0.29836199845655165,-0.26763689560370274,-0.030725102852848907,-0.07132954279306314,0.31455850144549385,28,0.4444444444444444,-0.19749287461850817,0.02444878688431495,-0.30107003891050577
2022-01-05,2022-04-06,-0.08074631137942723,-0.2774721234123285,-0.24223893413828168,-0.03523318927404684,-0.0698596941653753,0.31163462460073055,28,0.4444444444444444,-0.17859816703239972,0.023976386557933,-0.2808838299296954
2022-01-06,2022-04-07,-0.07791260871829575,-0.27078089455959375,-0.23373782615488725,-0.0370430684047065,-0.06987399208466383,0.3117133269690895,29,0.4603174603174603,-0.1785981670323995,0.023981547099216606,-0.27420437760171923
2022-01-07,2022-04-08,-0.08084557468541054,-0.2778951953097841,-0.2425367240562316,-0.035358471253552515,-0.07010312706153177,0.31217591589426447,29,0.4603174603174603,-0.17859816703239972,0.02405961350355563,-0.28034982994377733
2022-01-10,2022-04-11,-0.10318065823051226,-0.330466613015299,-0.30954197469153677,-0.020924638323762235,-0.07176628218092129,0.3153759432577542,28,0.4444444444444444,-0.1785981670323996,0.024618855480046123,-0.33388658367911495
2022-01-11,2022-04-12,-0.12018557876730074,-0.367457512960509,-0.3605567363019022,-0.006900776658606778,-0.07121226260241054,0.3136137456820219,27,0.42857142857142855,-0.1785981670323995,0.024411040152216894,-0.3701642819289883
2022-01-12,2022-04-13,-0.1058474248096033,-0.33677465944502327,-0.3175422744288099,-0.019232385016213382,-0.07226013978795054,0.31653801991844427,27,0.42857142857142855,-0.1785981670323994,0.024808501240069926,-0.33992664396122607
2022-01-13,2022-04-14,-0.10387650267436388,-0.3321517155289143,-0.31162950802309164,-0.020522207505822676,-0.07194392213765988,0.31591983216368713,27,0.42857142857142855,-0.16273255966948275,0.024705595826079632,-0.33615819209039577
2022-01-14,2022-04-18,-0.10873398068471896,-0.3428793408690187,-0.32620194205415687,-0.016677398814861855,-0.07183951565173574,0.31556291928212105,27,0.42857142857142855,-0.16273255966948252,0.02466746618217519,-0.3442326422707662
2022-01-18,2022-04-19,-0.06555120766428324,-0.2422254769082577,-0.19665362299284972,-0.04557185391540797,-0.07130420606423682,0.31555356767189413,28,0.4444444444444444,-0.14135744164080433,0.024547310133616076,-0.24786324786324776
2022-01-19,2022-04-20,-0.06895328530888456,-0.25069004802416384,-0.20685985592665368,-0.04383019209751016,-0.0715744474996105,0.3161038081235056,28,0.4444444444444444,-0.1365573014193061,0.024639374262651913,-0.2558645331676246
2022-01-20,2022-04-21,-0.07621917505252707,-0.2687070803342121,-0.2286575251575812,-0.04004955517663089,-0.07234916728863594,0.31766877288136136,28,0.4444444444444444,-0.1365573014193059,0.024898795314869573,-0.27133160956690383
2022-01-21,2022-04-22,-0.074753333902016,-0.2650152919559787,-0.22426000170604798,-0.04075529024993074,-0.07209029582657134,0.3171569302701323,28,0.4444444444444444,-0.1365573014193061,0.024815616861510202,-0.2675136756661374
2022-01-24,2022-04-25,-0.0671384092838947,-0.24703207527113757,-0.2014152278516841,-0.04561684741945349,-0.0724766739006959,0.31818118943600976,28,0.4444444444444444,-0.13655730141930567,0.024959672472521975,-0.2511741172377804
2022-01-25,2022-04-26,-0.08104662281591335,-0.282388640879054,-0.24313986844774005,-0.03924877243131397,-0.0752829396367991,0.3236122959881128,28,0.4444444444444444,-0.14561275896441173,0.025846979362430432,-0.28244131455399013
2022-01-26,2022-04-27,-0.0807092898395102,-0.2815958854145978,-0.2421278695185306,-0.03946801589606719,-0.07528011473271279,0.32361115341405394,28,0.4444444444444444,-0.14663649344001717,0.025845966723250718,-0.2842897460018815
2022-01-27,2022-04-28,-0.038375842861331,-0.1802868725671356,-0.115127528583993,-0.0651593439831426,-0.07818070166712765,0.3312456176246937,29,0.4603174603174603,-0.14663649344001717,0.027005926752553942,-0.18425135764158307
2022-01-28,2022-04-29,-0.10957930642410452,-0.35193264042489836,-0.32873791927231355,-0.023194721152584807,-0.08201747316249608,0.33663847694431104,28,0.4444444444444444,-0.15609256714889952,0.02804678284962,-0.3519602625510021
2022-01-31,2022-05-02,-0.12276545930312643,-0.3790439189579303,-0.3682963779093793,-0.010747541048551024,-0.08015698659879733,0.3317918415165788,28,0.4444444444444444,-0.15609256714889952,0.027302919057511126,-0.38136826783114997
2022-02-01,2022-05-03,-0.12776318669293074,-0.389515416652374,-0.3832895600787922,-0.006225856573581767,-0.0800346632582849,0.3313810541806636,28,0.4444444444444444,-0.15609256714889963,0.02725777155311497,-0.3915251547373434
2022-02-02,2022-05-04,-0.10553882059214625,-0.3435907519000332,-0.31661646177643876,-0.026974290123594424,-0.08274475922659696,0.33846271895435814,28,0.4444444444444444,-0.1560925671488994,0.028335012939549657,-0.34666666666666646
2022-02-03,2022-05-05,-0.11469381982746496,-0.3656068907504776,-0.3440814594823949,-0.021525431268082706,-0.08572263250061485,0.34359280031654815,28,0.4444444444444444,-0.15676607667232445,0.0292277502094746,-0.3679943602396901
2022-02-04,2022-05-06,-0.13619731292422033,-0.4107100711102092,-0.408591938772661,-0.0021181323375482064,-0.0857070586708808,0.3429483265833518,27,0.42857142857142855,-0.16686871952369386,0.029212154660814366,-0.4103918228279386
2022-02-07,2022-05-09,-0.16326415678765538,-0.4670187181157651,-0.48979247036296614,0.022773752247201018,-0.09019810449043786,0.35068827021738475,27,0.42857142857142855,-0.19946658045744758,0.030678357061058596,-0.46801464179884955
2022-02-08,2022-05-10,-0.16250835375361983,-0.4656058270550508,-0.4875250612608595,0.021919234205808658,-0.09025377396096257,0.35083930212058645,27,0.42857142857142855,-0.19946658045744758,0.030699716634088676,-0.4678017532029669
2022-02-09,2022-05-11,-0.2042101818776758,-0.5422532403767308,-0.6126305456330274,0.0703773052562966,-0.09169826435746642,0.35158088742582655,26,0.4126984126984127,-0.21377192273498757,0.031130280142856157,-0.5434920634920636
2022-02-10,2022-05-12,-0.18770750216220755,-0.5123927590897175,-0.5631225064866227,0.05072974739690517,-0.09022746965056605,0.3493991914787498,26,0.4126984126984127,-0.2156308090196397,0.030623642108991742,-0.5149608976538589
2022-02-11,2022-05-13,-0.13000633896156322,-0.4011954294292145,-0.39001901688468965,-0.011176412544524839,-0.09063791702675028,0.353518490368036,27,0.42857142857142855,-0.2156308090196397,0.03099081620196764,-0.4063438438438439
2022-02-14,2022-05-16,-0.14115514115514105,-0.42415929412550124,-0.42346542346542315,-0.0006938706600780886,-0.09101189328118697,0.3539771080706272,26,0.4126984126984127,-0.2156308090196395,0.031123648803659337,-0.42635223657121457
2022-02-15,2022-05-17,-0.14028585067250698,-0.4224916766546265,-0.42085755201752095,-0.0016341246371055496,-0.09114202078851241,0.35430500745579274,26,0.4126984126984127,-0.2156308090196395,0.03117630919502058,-0.4247818499127395
2022-02-16,2022-05-18,-0.18228288956297023,-0.507168336104858,-0.5468486686889107,0.03968033258405268,-0.09865854241063376,0.3664954963037711,26,0.4126984126984127,-0.21565774940057647,0.033586110210451776,-0.5086402513527666
2022-02-17,2022-05-19,-0.16173107540888665,-0.46758199505736175,-0.48519322622665995,0.01761123116929819,-0.09613694856251687,0.3624657875773825,26,0.4126984126984127,-0.21986044882674605,0.03273012446652671,-0.4717487071442251
2022-02-18,2022-05-20,-0.15469532370940853,-0.4538592986440896,-0.4640859711282256,0.010226672484136001,-0.09579952860191199,0.3620204321858318,26,0.4126984126984127,-0.22228508311107542,0.032609700365346286,-0.45796986518635985
2022-02-22,2022-05-23,-0.13192143871273,-0.40880330446704316,-0.39576431613818996,-0.013038988328853196,-0.09623627483614883,0.36365990912462925,27,0.42857142857142855,-0.22228508311107453,0.032785296547056496,-0.41305237315875587
2022-02-23,2022-05-24,-0.12804322749074137,-0.4004399236019043,-0.3841296824722241,-0.01631024112968016,-0.0956264739152769,0.36261286609757665,27,0.42857142857142855,-0.22616449796600102,0.03258123281406388,-0.4040762073548958
2022-02-24,2022-05-25,-0.14458574407471603,-0.43248056608026586,-0.4337572322241481,0.0012766661438822213,-0.09332573949265266,0.35688128423300325,27,0.42857142857142855,-0.22616449796600113,0.031647836699601306,-0.43543179983857916
2022-02-25,2022-05-26,-0.13430893368424102,-0.4126324736017041,-0.40292680105272305,-0.009705672548981026,-0.09464037100145961,0.3601642866931191,27,0.42857142857142855,-0.22616449796600113,0.03217505679426315,-0.41591215565401607
2022-02-28,2022-05-27,-0.10870818915801628,-0.3608302074115838,-0.32612456747404883,-0.03470563993753495,-0.0972728732923065,0.36666827493932175,27,0.42857142857142855,-0.22616449796600124,0.033231524181807894,-0.36542127335112473
2022-03-01,2022-05-31,-0.09725028551348536,-0.33538867039011855,-0.29175085654045607,-0.04363781384966248,-0.09663000584021564,0.3656114048808711,27,0.42857142857142855,-0.22616449796600102,0.033004122322555195,-0.3395283772981619
2022-03-02,2022-06-01,-0.11871435977190237,-0.381280076982914,-0.3561430793157071,-0.025136997667206895,-0.09605081094009049,0.36392932991272,26,0.4126984126984127,-0.2261644979660008,0.032777272743913184,-0.3843219530802976
2022-03-03,2022-06-02,-0.08145854029100674,-0.3004698525802837,-0.24437562087302023,-0.056094231707263464,-0.09736920740332,0.3676170690360067,27,0.42857142857142855,-0.22616449796600113,0.03332318685383944,-0.30533439490445835
2022-03-04,2022-06-03,-0.09220278683664451,-0.32576103239014553,-0.27660836050993354,-0.049152671880211996,-0.09874577550990149,0.3700410396585088,27,0.42857142857142855,-0.22616449796600147,0.03379018415004351,-0.331669785818257
2022-03-07,2022-06-06,-0.054300313981408,-0.23430386568122719,-0.162900941944224,-0.07140292373700319,-0.09469124572730225,0.3629825746560621,28,0.4444444444444444,-0.22616449796600158,0.03244106412698253,-0.2382958801498124
2022-03-08,2022-06-07,-0.04168857275398108,-0.20338135365496335,-0.12506571826194324,-0.07831563539302011,-0.09482934271855925,0.36335562144542083,29,0.4603174603174603,-0.2261644979660008,0.03249386217095982,-0.20887728459530053
2022-03-09,2022-06-08,-0.08164422818591643,-0.2965489119628568,-0.2449326845577493,-0.05161622740510752,-0.09175916077256152,0.35595499567098776,28,0.4444444444444444,-0.22616449796600113,0.031249786335416467,-0.2999571183533447
2022-03-10,2022-06-09,-0.09620551212002337,-0.33077906957165715,-0.2886165363600701,-0.04216253321158703,-0.09351535799991673,0.3591131717862909,28,0.4444444444444444,-0.22616449796600147,0.03184388184974473,-0.3356225077536553
2022-03-11,2022-06-10,-0.10961775585696654,-0.3618903601100265,-0.3288532675708996,-0.0330370925391269,-0.09600540633742871,0.3634518229695703,28,0.4444444444444444,-0.2261644979660008,0.03265781290641906,-0.36726499763816756
2022-03-14,2022-06-13,-0.13439356318949003,-0.417329625569655,-0.4031806895684701,-0.014148936001184942,-0.10161704107556402,0.37280853648948065,28,0.4444444444444444,-0.2580349686144563,0.034450901675695644,-0.4209734069242349
2022-03-15,2022-06-14,-0.1591954898674378,-0.4645430001991211,-0.47758646960231343,0.013043469403192343,-0.09917692469342188,0.3666880466958257,28,0.4444444444444444,-0.25803496861445563,0.03347031650596265,-0.46659012629161845
2022-03-16,2022-06-15,-0.1690173953925711,-0.48205541033531685,-0.5070521861777133,0.024996775842396457,-0.09737469825630085,0.3621466181152952,28,0.4444444444444444,-0.25803496861445585,0.03271848967133049,-0.4859620148637489
2022-03-17,2022-06-16,-0.21208338172105445,-0.5607019772770434,-0.6362501451631634,0.07554816788611995,-0.10191288172230406,0.36858111154888923,27,0.42857142857142855,-0.26886500175112493,0.034199771169664994,-0.563324011186576
2022-03-18,2022-06-17,-0.21849839255739822,-0.5710180953183176,-0.6554951776721947,0.08447708235387708,-0.1012283888136728,0.36675434085347636,27,0.42857142857142855,-0.2688650017511244,0.03392868832225951,-0.5736317472258792
2022-03-21,2022-06-21,-0.19709780621572148,-0.5354902749675557,-0.5912934186471644,0.0558031436796087,-0.10255699424935083,0.3706779541713754,28,0.4444444444444444,-0.2688650017511244,0.034453744188774206,-0.5381701079749948
2022-03-22,2022-06-22,-0.21372142536978922,-0.5632715732993979,-0.6411642761093677,0.07789270280996974,-0.10157436344706783,0.3677793241311029,27,0.42857142857142855,-0.26886500175112493,0.03406964519182614,-0.5655517796458595
2022-03-23,2022-06-23,-0.19037603387999869,-0.5232023813896618,-0.571128101639996,0.04792572025033426,-0.10157048421148851,0.36893271722596505,28,0.4444444444444444,-0.2688650017511247,0.034084908763033495,-0.5269841269841269
2022-03-24,2022-06-24,-0.18084248575003403,-0.5070610403836899,-0.5425274572501021,0.035466416866412165,-0.10320973377640952,0.37305097441903373,28,0.4444444444444444,-0.26886500175112416,0.03476488262187934,-0.5092949842160648
2022-03-25,2022-06-27,-0.18616947265896733,-0.5166938804187519,-0.558508417976902,0.04181453755815012,-0.10335534354417986,0.37313192379693877,28,0.4444444444444444,-0.2688650017511245,0.03481794104140434,-0.5201124187598805
2022-03-28,2022-06-28,-0.22298648981940739,-0.5803472564455545,-0.6689594694582222,0.08861221301266764,-0.10545054287561717,0.3751987466129299,27,0.42857142857142855,-0.2688650017511248,0.035506769116663894,-0.5828293010752686
2022-03-29,2022-06-29,-0.2354319890083244,-0.5998521215633549,-0.7062959670249732,0.10644384546161834,-0.10469265336825984,0.3729126940216045,27,0.42857142857142855,-0.2688650017511247,0.035211435401833885,-0.602365350807096
2022-03-30,2022-06-30,-0.2364815167942469,-0.601537629443265,-0.7094445503827407,0.10790692093947563,-0.10478232199914106,0.3730271239934098,27,0.42857142857142855,-0.2651232060655295,0.03524326799925597,-0.6045477014335148
2022-03-31,2022-07-01,-0.22179621559000384,-0.5779539205941661,-0.6653886467700115,0.08743472617584547,-0.10447058617532334,0.3732241935704111,28,0.4444444444444444,-0.2651232060655293,0.035133204572689626,-0.5807837744929532
2022-04-01,2022-07-05,-0.2069642116899265,-0.5537298530962997,-0.6208926350697795,0.0671627819734798,-0.10521339161417453,0.37552823462571705,29,0.4603174603174603,-0.2651232060655291,0.035422668695477055,-0.5572242361470743
2022-04-04,2022-07-06,-0.2179799620904409,-0.5716055234782171,-0.6539398862713227,0.08233436279310558,-0.10424298306849189,0.37290914011917475,29,0.4603174603174603,-0.26512320606552897,0.03503989083005133,-0.575304630381803
2022-04-05,2022-07-07,-0.1831071725283855,-0.5115683648557279,-0.5493215175851565,0.037753152729428585,-0.10399891338181477,0.37427211121750825,30,0.47619047619047616,-0.2484353364718913,0.035004778239782694,-0.5170494084899094
2022-04-06,2022-07-08,-0.16393024967446057,-0.4755721667175802,-0.4917907490233817,0.016218582305801532,-0.10265757417388477,0.37240162552755585,31,0.49206349206349204,-0.23357808528664192,0.0345349650557366,-0.48063314711359395
2022-04-07,2022-07-11,-0.18373340864162668,-0.5126610149673096,-0.55120022592488,0.0385392109575704,-0.10394413030247984,0.3741440192038433,30,0.47619047619047616,-0.23357808528664215,0.03498575200160706,-0.5169287696577243
2022-04-08,2022-07-12,-0.18018043820707386,-0.506111574919875,-0.5405413146212216,0.03442973970134655,-0.1036574410992731,0.37372765379809886,30,0.47619047619047616,-0.22271230130316444,0.034884179339216614,-0.5109953703703702
2022-04-11,2022-07-13,-0.1620464079321774,-0.4716686723678958,-0.4861392237965322,0.014470551428636402,-0.10206177009516404,0.3713344385922945,30,0.47619047619047616,-0.2164284683124007,0.03432875279399785,-0.47695182724252483
2022-04-12,2022-07-14,-0.155486816909707,-0.459154998737606,-0.466460450729121,0.007305451991515,-0.10204717757524451,0.37151720025558893,31,0.49206349206349204,-0.21642846831240092,0.03432365925664748,-0.464661337820782
2022-04-13,2022-07-15,-0.1572975313988738,-0.46250056311350773,-0.47189259419662144,0.009392031083113705,-0.10183688639972566,0.37099848036979655,31,0.49206349206349204,-0.2164284683124007,0.034239507419386896,-0.4683468942250446
2022-04-14,2022-07-18,-0.14487486333953858,-0.43756278040946195,-0.43462459001861575,-0.002938190390846196,-0.10053341481037326,0.36888777246485627,31,0.49206349206349204,-0.21622480217177842,0.03378822262205667,-0.4431914893617017
2022-04-18,2022-07-19,-0.1192535947326464,-0.38708503008090267,-0.3577607841979392,-0.02932424588296345,-0.10288608945614841,0.37470173748290414,31,0.49206349206349204,-0.21622480217177809,0.03473339680274416,-0.3961383407596012
2022-04-19,2022-07-20,-0.12484837983018526,-0.3982760118963946,-0.3745451394905558,-0.02373087240583882,-0.10226652036362738,0.37322702786145445,31,0.49206349206349204,-0.21622480217177842,0.03448526678133045,-0.4041068580542262
2022-04-20,2022-07-21,-0.09914715277981268,-0.3436450822859377,-0.297441458339438,-0.04620362394649968,-0.10220501115668867,0.37369827730687444,32,0.5079365079365079,-0.20462471791565284,0.03447862801864373,-0.3494780793319415
2022-04-21,2022-07-22,-0.09624420170582071,-0.3370199182903735,-0.2887326051174621,-0.04828731317291135,-0.1018534812323938,0.3730882954977976,32,0.5079365079365079,-0.18781984138859775,0.03435799432770109,-0.34508760257263293
2022-04-22,2022-07-25,-0.07722802704363874,-0.2927914747403433,-0.2316840811309162,-0.061107393609427074,-0.09995483908748182,0.36977605888564985,32,0.5079365079365079,-0.1766080097087379,0.033704735188140184,-0.2992050108407609
2022-04-25,2022-07-26,-0.1068329388919228,-0.35917485585944275,-0.3204988166757684,-0.03867603918367435,-0.10062368034928981,0.37053884776816065,31,0.49206349206349204,-0.1766080097087378,0.033925804968221264,-0.36515679442508675
2022-04-26,2022-07-27,-0.03257236551680687,-0.18572735757355274,-0.0977170965504206,-0.08801026102313214,-0.10067973999635027,0.3732878919896373,32,0.5079365079365079,-0.17660800970873802,0.03428700500037611,-0.19549856058623427
2022-04-27,2022-07-28,-0.02194090162899376,-0.1588176530114771,-0.06582270488698128,-0.09299494812449582,-0.10092720268665711,0.3738198994920062,33,0.5238095238095238,-0.1766080097087378,0.03438117933299111,-0.16876971608832791
2022-04-28,2022-07-29,-0.03826102862717584,-0.19822312308488643,-0.11478308588152752,-0.08344003720335891,-0.09867403384298434,0.3686951137277866,33,0.5238095238095238,-0.1766080097087377,0.03345239146051164,-0.20684736091298161
2022-04-29,2022-08-01,0.006448523543495677,-0.07476953738887582,0.01934557063048703,-0.09411510801936285,-0.09244026021142937,0.3573614859490829,33,0.5238095238095238,-0.1766080097087378,0.03142787768981559,-0.08814672871612372
2022-05-02,2022-08-02,-0.013030645566440735,-0.12678296993173555,-0.039091936699322205,-0.08769103323241334,-0.0917378982597189,0.3558677105180899,32,0.5079365079365079,-0.1766080097087377,0.031158013386703383,-0.13725490196078427
2022-05-03,2022-08-03,0.01276582397591075,-0.05845873898278553,0.03829747192773225,-0.09675621091051778,-0.09361597155841406,0.3599981872929297,32,0.5079365079365079,-0.1766080097087378,0.031898484169031675,-0.07042253521126729
2022-05-04,2022-08-04,-0.015776699029126484,-0.13317688658242,-0.04733009708737945,-0.08584678949504054,-0.09082066593921267,0.35368625731797576,32,0.5079365079365079,-0.1766080097087377,0.030777090283467513,-0.1421452301850974
2022-05-05,2022-08-05,0.027955271565494932,-0.003919976420630689,0.0838658146964848,-0.08778579111711549,-0.08299526895407083,0.33903214741097043,32,0.5079365079365079,-0.13674534003435346,0.028307281336348314,-0.015895147796988196
2022-05-06,2022-08-08,0.037057396928051656,0.023197327547848534,0.11117219078415497,-0.08797486323630643,-0.08261630567639144,0.33815638797136105,32,0.5079365079365079,-0.13674534003435324,0.028174188946261117,0.009245882692863638
2022-05-09,2022-08-09,0.06707050311290552,0.11990956682665233,0.20121150933871657,-0.08130194251206424,-0.07827023998709404,0.32926711857160273,32,0.5079365079365079,-0.13674534003435335,0.026771384618541744,0.10517693315858456
2022-05-10,2022-08-10,0.08368799042425801,0.17100405013932507,0.251063971272774,-0.08005992113344895,-0.07987757423728814,0.33287826363521783,32,0.5079365079365079,-0.13674534003435346,0.027402812999984025,0.15616091225847373
2022-05-11,2022-08-11,0.11047149122806932,0.2634817431584837,0.33141447368420796,-0.06793273052572424,-0.07732929830986113,0.32716267928072823,32,0.5079365079365079,-0.13674534003435324,0.026555421937070056,0.25
2022-05-12,2022-08-12,0.13477588871715618,0.34683662592882514,0.40432766615146853,-0.0574910402226434,-0.07831054325551179,0.32892267308366985,33,0.5238095238095238,-0.13674534003435335,0.026928932392534174,0.3312302839116723
2022-05-13,2022-08-15,0.10306683447042508,0.24146373890482664,0.30920050341127525,-0.06773676450644861,-0.07502806023508446,0.32146880183153653,33,0.5238095238095238,-0.13674534003435346,0.025620801982989168,0.2295289282326909
2022-05-16,2022-08-16,0.11338962605548808,0.27715472104410765,0.34016887816646424,-0.06301415712235658,-0.07465858160908967,0.32043785679888315,33,0.5238095238095238,-0.13674534003435324,0.025491918903745917,0.2606851549755307
2022-05-17,2022-08-17,0.07290067609497952,0.14451909404384922,0.21870202828493857,-0.07418293424108935,-0.07328864274360425,0.3177595912232559,32,0.5079365079365079,-0.13674534003435324,0.024951136599057833,0.13167475728155376
2022-05-18,2022-08-18,0.13100226695060857,0.3518676788693442,0.3930068008518257,-0.041139121982481486,-0.06557648594579846,0.300795555206682,33,0.5238095238095238,-0.136745340034353,0.022547055472738112,0.33392539964476
2022-05-19,2022-08-19,0.11492506388562718,0.29358935702462596,0.34477519165688153,-0.05118583463225557,-0.06661805068311277,0.3035433880317989,33,0.5238095238095238,-0.13674534003435335,0.02289848096886347,0.2817258883248732
2022-05-20,2022-08-22,0.088956630178745,0.20263276284362441,0.266869890536235,-0.06423712769261058,-0.0686749582472872,0.3086129826275404,33,0.5238095238095238,-0.13674534003435335,0.023581943112879054,0.19129480614484295
2022-05-23,2022-08-23,0.07026032438326268,0.14265079125472724,0.21078097314978805,-0.06813018189506082,-0.06793704605504036,0.3071154081517484,32,0.5079365079365079,-0.13674534003435335,0.023306156489128725,0.13140467061694006
2022-05-24,2022-08-24,0.09667873555215145,0.23111008321870719,0.29003620665645435,-0.05892612343774717,-0.06661972142828843,0.3036953172723514,33,0.5238095238095238,-0.13674534003435346,0.022862473327036014,0.21598513011152387
2022-05-25,2022-08-25,0.10066607155119156,0.24417767871239016,0.3019982146535747,-0.057820535941184525,-0.06692690370575471,0.3043933362623895,33,0.5238095238095238,-0.13674534003435335,0.022979258235049753,0.23052180128663347
2022-05-26,2022-08-26,0.027093842915844712,0.007447202029826849,0.08128152874753414,-0.07383432671770729,-0.0701949133923565,0.3114660892418807,32,0.5079365079365079,-0.13674534003435346,0.02389160239313798,-0.0026385224274406704
2022-05-27,2022-08-29,-0.015173083144614186,-0.10953308193183764,-0.04551924943384256,-0.06401383249799508,-0.06773783435794156,0.305240200837556,31,0.49206349206349204,-0.13674534003435346,0.02292339389418706,-0.1195554220486631
2022-05-31,2022-08-30,-0.02355001946282642,-0.13237754170081295,-0.07065005838847926,-0.061727483312333686,-0.06807538733097962,0.30600369145622974,31,0.49206349206349204,-0.13674534003435357,0.023040373309739428,-0.14281391830559742
2022-06-01,2022-08-31,-0.021993464052287304,-0.1281655532709951,-0.06598039215686191,-0.06218516111413319,-0.06801536434097166,0.305868678276306,31,0.49206349206349204,-0.13674534003435346,0.02301947192292259,-0.13847583643122718
2022-06-02,2022-09-01,-0.04764934156116851,-0.1933049392437164,-0.14294802468350554,-0.05035691456021085,-0.06606051109404054,0.30070603354094805,31,0.49206349206349204,-0.13674534003435335,0.022269688384996753,-0.20229226361031505
2022-06-03,2022-09-02,-0.03602220770738063,-0.16209066054488297,-0.10806662312214188,-0.05402403742274109,-0.06460306103223912,0.2975438179203192,31,0.49206349206349204,-0.12418110820666728,0.021792283360000175,-0.1698817672682018
2022-06-06,2022-09-06,-0.046123299264370865,-0.18825714018063044,-0.1383698977931126,-0.04988724238751785,-0.06471976954010306,0.29774961662172567,30,0.47619047619047616,-0.12418110820666728,0.02183277221705092,-0.19883220651505795
2022-06-07,2022-09-07,-0.03517604156581777,-0.16077898999097262,-0.10552812469745332,-0.0552508652935193,-0.06560154849787714,0.3000943796774326,30,0.47619047619047616,-0.12418110820666739,0.022166462585016124,-0.17161716171617158
2022-06-08,2022-09-08,-0.023143934468859984,-0.1289198926884264,-0.06943180340657995,-0.05948808928184646,-0.06552784820228741,0.29997487474579565,31,0.49206349206349204,-0.12012850537440711,0.022141550713117967,-0.140581929555896
2022-06-09,2022-09-09,0.02568470273881096,0.009313040412258111,0.07705410821643288,-0.06774106780417477,-0.0646282501689931,0.298221694178564,32,0.5079365079365079,-0.12012850537440722,0.02190209007858511,-0.005001667222407469
2022-06-10,2022-09-12,0.07582052347320367,0.168995755948657,0.22746157041961101,-0.058465814470954,-0.061155947890018325,0.28998183930264626,33,0.5238095238095238,-0.12012850537440689,0.020799350452979544,0.15453527435610304
2022-06-13,2022-09-13,0.06641007951780953,0.13500424932987776,0.19923023855342858,-0.06422598922355083,-0.06411009325045958,0.29598995047447646,33,0.5238095238095238,-0.12012850537440711,0.02164452087635282,0.11958405545927153
2022-06-14,2022-09-14,0.07292232974520685,0.15572256195847078,0.21876698923562055,-0.06304442727714976,-0.06427390767029706,0.29629498166057977,33,0.5238095238095238,-0.12012850537440711,0.021704161623793197,0.1373224278949634
2022-06-15,2022-09-15,0.029349363507779946,0.021458051627375685,0.08804809052333984,-0.06659003889596415,-0.06344748346807472,0.294462455538,32,0.5079365079365079,-0.12598330631117494,0.02135791158580991,0.007630522088352576
2022-06-16,2022-09-16,0.06606728324551492,0.14080249064060157,0.19820184973654476,-0.05739935909594318,-0.0584213239636211,0.2828302875008565,32,0.5079365079365079,-0.13132768870473743,0.019767458738337067,0.12534309240622088
2022-06-17,2022-09-19,0.05955804725326819,0.12039612455815507,0.17867414175980456,-0.05827801720164949,-0.05811618294074039,0.2821237072784156,32,0.5079365079365079,-0.13132768870473766,0.019655357191953653,0.11116012351124871
2022-06-21,2022-09-20,0.027216450832504124,0.022262232772211954,0.08164935249751237,-0.05938711972530042,-0.056859448649130284,0.27903844917902865,31,0.49206349206349204,-0.13309914129586198,0.019177748298553166,0.008613617719442246
2022-06-22,2022-09-21,0.010296789824348673,-0.028399955655751152,0.03089036947304602,-0.05929032512879717,-0.05780540867714867,0.2814550390492153,31,0.49206349206349204,-0.14862186993334514,0.019496245524043835,-0.04322766570605141
2022-06-23,2022-09-22,-0.016780761804458644,-0.10429381639622926,-0.05034228541337593,-0.053951530982853324,-0.05764515097905276,0.28098696333554074,30,0.47619047619047616,-0.15910046237915088,0.019425927979161286,-0.11646269245953378
2022-06-24,2022-09-23,-0.06483147211567841,-0.2274551382326706,-0.19449441634703524,-0.03296072188563537,-0.05538669074212699,0.2739484812168644,29,0.4603174603174603,-0.17279168918513166,0.01851702236410556,-0.23838456040028566
2022-06-27,2022-09-26,-0.06182253376645541,-0.2198862600358713,-0.18546760129936624,-0.03441865873650507,-0.05528038109290867,0.2737188445396662,29,0.4603174603174603,-0.17621449588662685,0.018480389378158758,-0.23060029282576877
2022-06-28,2022-09-27,-0.031953163574804266,-0.14037834939836935,-0.0958594907244128,-0.04451885867395655,-0.05241487396493916,0.26703107948460647,30,0.47619047619047616,-0.17621449588662685,0.01755232747438264,-0.15263793797825265
2022-06-29,2022-09-28,-0.013601127554616066,-0.09157816494894655,-0.0408033826638482,-0.05077478228509835,-0.05347985181267889,0.27008369910474356,30,0.47619047619047616,-0.17621449588662663,0.017947184643689662,-0.1049035369774921
2022-06-30,2022-09-29,-0.030005708577136803,-0.13806920127319866,-0.09001712573141041,-0.04805207554178825,-0.05558067716138404,0.27508241355354457,30,0.47619047619047616,-0.18372065093376566,0.018624378597672495,-0.15041666666666675
2022-07-01,2022-09-30,-0.052706199269839105,-0.19780039307263708,-0.15811859780951731,-0.03968179526311977,-0.05631215938247647,0.2766982879870162,29,0.4603174603174603,-0.1975620008406892,0.0188683388647573,-0.2078720787207876
2022-07-05,2022-10-03,-0.04680094786729849,-0.1832866868241072,-0.14040284360189548,-0.042883843222211726,-0.056984503297980216,0.27864258538350545,29,0.4603174603174603,-0.19756200084068876,0.019125638141147417,-0.19454191033138446
2022-07-06,2022-10-04,-0.023095567867035927,-0.12312012090513991,-0.06928670360110778,-0.05383341730403213,-0.05944571796764364,0.28561480039697473,29,0.4603174603174603,-0.1975620008406892,0.020073047278769133,-0.1361897475133902
2022-07-07,2022-10-05,-0.04407078445996271,-0.1773313455328286,-0.13221235337988813,-0.04511899215294046,-0.05822372569973455,0.2822181935413854,28,0.4444444444444444,-0.1975620008406892,0.019615417374137804,-0.18659942363112458
2022-07-08,2022-10-06,-0.05278483155578095,-0.19977293471259505,-0.15835449466734286,-0.04141844004525219,-0.05839814876275451,0.28256995336427193,27,0.42857142857142855,-0.19756200084068887,0.01967582658495063,-0.21082825385442905
2022-07-11,2022-10-07,-0.0689869914198723,-0.24271147195192266,-0.2069609742596169,-0.03575049769230576,-0.06158675204940722,0.28944436202662616,27,0.42857142857142855,-0.19756200084068876,0.020671307074147598,-0.2531597089237845
2022-07-12,2022-10-10,-0.06927752934600317,-0.24343459210799467,-0.20783258803800952,-0.03560200406998515,-0.0616045736309111,0.2894828508713377,27,0.42857142857142855,-0.20011409355671617,0.020677390137244497,-0.25483234714003966
2022-07-13,2022-10-11,-0.08016803780850656,-0.2701027764330435,-0.2405041134255197,-0.029598663007523784,-0.062143867069099135,0.2906008729868286,27,0.42857142857142855,-0.21110310454572734,0.020861880333675503,-0.2798729654624854
2022-07-14,2022-10-12,-0.08375484005999889,-0.27858095039401354,-0.2512645201799967,-0.027316430214016862,-0.06210866068660592,0.29044729032347494,26,0.4126984126984127,-0.211373326127424,0.020849247023967454,-0.2888015717092336
2022-07-15,2022-10-13,-0.07897351560626276,-0.2676755957215413,-0.23692054681878827,-0.030755048902753046,-0.06268158157704984,0.2920766394756631,26,0.4126984126984127,-0.21137332612742388,0.021070225697347497,-0.279208659947742
2022-07-18,2022-10-14,-0.09903248099516226,-0.3163542420976706,-0.2970974429854868,-0.01925679911218381,-0.06523225108398778,0.2974220943296561,26,0.4126984126984127,-0.21713805320362678,0.021902049410511548,-0.328620557890715
2022-07-19,2022-10-17,-0.09704994971505132,-0.31209539498797356,-0.29114984914515396,-0.020945545842819602,-0.06559094756134742,0.29845400820707657,26,0.4126984126984127,-0.2171380532036269,0.022046697916028642,-0.32185523541813066
2022-07-20,2022-10-18,-0.1041151041151045,-0.32775413826533806,-0.3123453123453135,-0.015408825920024571,-0.06508636568277981,0.2970010358302667,26,0.4126984126984127,-0.2171380532036271,0.021857803981954443,-0.3382402141184342
2022-07-21,2022-10-19,-0.1200143145292466,-0.3625599145162476,-0.3600429435877398,-0.002516970928507778,-0.06456729950266105,0.2952547036959015,25,0.3968253968253968,-0.21713805320362645,0.021665035801403915,-0.3729139922978181
2022-07-22,2022-10-20,-0.10887777740984805,-0.33746293452349996,-0.32663333222954416,-0.010829602293955798,-0.0637359297072585,0.29361371973131156,25,0.3968253968253968,-0.21713805320362678,0.02138357800976999,-0.34947511005756904
2022-07-25,2022-10-21,-0.08275885036800157,-0.2785306001187605,-0.2482765511040047,-0.030254049014755813,-0.06509533707140325,0.297741621776148,26,0.4126984126984127,-0.21713805320362656,0.02190093148505781,-0.29288415262976975
2022-07-26,2022-10-24,-0.05408159798892542,-0.20803521698291283,-0.16224479396677627,-0.04579042301613656,-0.06428229543909003,0.29632800245811247,27,0.42857142857142855,-0.2171380532036269,0.021635879324081918,-0.22173435784851891
2022-07-27,2022-10-25,-0.07366122355855453,-0.2535251151774158,-0.2209836706756636,-0.032541444501752226,-0.060913345872603,0.28659416154944306,27,0.42857142857142855,-0.2171380532036269,0.020277901717408276,-0.2664281067013665
2022-07-28,2022-10-26,-0.10290177850940863,-0.32287117278864397,-0.3087053355282259,-0.01416583726041809,-0.06211127219437207,0.2887799251239188,26,0.4126984126984127,-0.21713805320362678,0.02067053979834107,-0.33396584440227695
2022-07-29,2022-10-27,-0.13500919292461788,-0.3930608600718546,-0.40502757877385365,0.011966718701999057,-0.06219904816701949,0.28782268731631916,25,0.3968253968253968,-0.21713805320362667,0.020669411491553782,-0.4034772182254197
2022-08-01,2022-10-28,-0.10800266438290962,-0.33614314614799445,-0.32400799314872886,-0.012135152999265597,-0.06462927798809359,0.29517053096739826,26,0.4126984126984127,-0.21713805320362667,0.021605448654945916,-0.3485439807865509
2022-08-02,2022-10-31,-0.11573823688480234,-0.35351834987344966,-0.347214710654407,-0.006303639219042645,-0.06499557811326173,0.2958358680085541,26,0.4126984126984127,-0.2171380532036269,0.021731767107881408,-0.36515151515151534
2022-08-03,2022-11-01,-0.14797609092879904,-0.4206651993826771,-0.4439282727863971,0.023263073403720025,-0.06335661204438858,0.29033926265856697,25,0.3968253968253968,-0.21713805320362667,0.021094557296820447,-0.4304152637485973
2022-08-04,2022-11-02,-0.18101109741060373,-0.4874302415901044,-0.5430332922318112,0.055603050641706786,-0.0669198981465039,0.29687386636675245,24,0.38095238095238093,-0.21713805320362656,0.022247613819438756,-0.49654218533886596
2022-08-05,2022-11-03,-0.19039627039626983,-0.5053466912784099,-0.5711888111888095,0.06584211991039957,-0.0678551211921623,0.29854509474702845,24,0.38095238095238093,-0.21788866870834067,0.022562490025138278,-0.5140266364409187
2022-08-08,2022-11-04,-0.17470612079448755,-0.476399755626721,-0.5241183623834627,0.047718606756741666,-0.068519070135724,0.30101885209107987,25,0.3968253968253968,-0.21788866870834145,0.022810771602853743,-0.4861150873174923
2022-08-09,2022-11-07,-0.15608048442033562,-0.4401184430011582,-0.46824145326100686,0.028123010259848646,-0.06847809568704588,0.3017789872081562,26,0.4126984126984127,-0.217888668708341,0.02280353707921106,-0.45093388674770263
2022-08-10,2022-11-08,-0.17301261006964752,-0.47208244384830544,-0.5190378302089426,0.04695538636063712,-0.06659646196368729,0.29609392555673103,26,0.4126984126984127,-0.21788866870834145,0.022077620930586052,-0.4816438356164382
2022-08-11,2022-11-09,-0.187484571710689,-0.5001175824862794,-0.562453715132067,0.062336132645787634,-0.0680920584199608,0.29880436643348357,26,0.4126984126984127,-0.21788866870834112,0.022577921247670336,-0.5104311543810847
2022-08-12,2022-11-10,-0.1441932261872334,-0.42315516578149837,-0.4325796785617002,0.009424512780201844,-0.07969485746058447,0.33325432392325305,26,0.4126984126984127,-0.217888668708341,0.02764357039266427,-0.4352290679304902
2022-08-15,2022-11-11,-0.13541103705038227,-0.4056768552036032,-0.4062331111511468,0.0005562559475436046,-0.08041139345429216,0.3351947488501627,26,0.4126984126984127,-0.21788866870834145,0.027917785836400866,-0.41707379789148935
2022-08-16,2022-11-14,-0.140965450824606,-0.41718528791187215,-0.42289635247381796,0.005711064561945811,-0.08061246038697312,0.3354594554393819,26,0.4126984126984127,-0.21605272661610686,0.027988885017152028,-0.4288302277432714
2022-08-17,2022-11-15,-0.1190294986148751,-0.3714831492188343,-0.3570884958446253,-0.014394653374208977,-0.08075172016369259,0.33643859742572535,27,0.42857142857142855,-0.20891034985422796,0.028050285322955185,-0.38445040214477233
2022-08-18,2022-11-16,-0.13313896987366403,-0.4015375892547224,-0.3994169096209921,-0.0021206796337303047,-0.08126885578275478,0.33715650575198247,26,0.4126984126984127,-0.20891034985422752,0.02823080770111145,-0.4133155792276966
2022-08-19,2022-11-17,-0.11785293935452001,-0.36856690915333234,-0.35355881806356004,-0.015008091089772302,-0.08017679068832373,0.3352868481692688,26,0.4126984126984127,-0.1931797063742805,0.027855542768783256,-0.3816124469589819
2022-08-22,2022-11-18,-0.09396869830767396,-0.31434637662652076,-0.2819060949230219,-0.032440281703498886,-0.07811835223810215,0.33156372073578944,27,0.42857142857142855,-0.18744151225903105,0.027162422507812294,-0.3294442738716613
2022-08-23,2022-11-21,-0.10254695956701787,-0.33385387941701494,-0.3076408787010536,-0.026213000715961332,-0.07841732159807246,0.33204240687945047,27,0.42857142857142855,-0.18744151225903094,0.027267564912937615,-0.34750462107208935
2022-08-24,2022-11-22,-0.09225103964953596,-0.3110587415167603,-0.2767531189486079,-0.034305622568152394,-0.07894638066731041,0.33345626656286215,27,0.42857142857142855,-0.18744151225903094,0.027466611446230284,-0.32528278813818423
2022-08-25,2022-11-23,-0.0990704348368594,-0.3260641670240677,-0.2972113045105782,-0.028852862513489508,-0.07839243488936176,0.3320331404413959,27,0.42857142857142855,-0.18744151225903105,0.02725469483032585,-0.3398199244844615
2022-08-26,2022-11-25,-0.06674473067915732,-0.24674031517742634,-0.20023419203747195,-0.04650612313995439,-0.07329101864731902,0.3223660177775256,27,0.42857142857142855,-0.1617107549720025,0.02561793811812497,-0.2638888888888896
2022-08-29,2022-11-28,-0.0712854374035029,-0.2579584809581681,-0.21385631221050871,-0.044102168747659376,-0.07363649067818001,0.3230536038090383,27,0.42857142857142855,-0.16171075497200305,0.025736104894973588,-0.2739679290344599
2022-08-30,2022-11-29,-0.06793568533652306,-0.24974412519273514,-0.20380705600956917,-0.04593706918316598,-0.07344380828176356,0.3226759537366061,27,0.42857142857142855,-0.16171075497200293,0.025669386554145617,-0.2668549241087188
2022-08-31,2022-11-30,-0.01974805359708709,-0.13200266329054922,-0.05924416079126127,-0.07275850249928795,-0.0784789657695506,0.33561901487979184,28,0.4444444444444444,-0.16171075497200305,0.027713651583075892,-0.15282272563826027
2022-09-01,2022-12-01,-0.01897127588510472,-0.12994098114088826,-0.056913827655314164,-0.07302715348557409,-0.07848259434703952,0.33562787167760616,28,0.4444444444444444,-0.16171075497200305,0.027714968812630046,-0.14906609195402332
2022-09-02,2022-12-02,-0.008876240810381297,-0.1022890509912684,-0.026628722431143892,-0.0756603285601245,-0.07795342141098383,0.33451406482430035,28,0.4444444444444444,-0.16171075497200293,0.027531228540870534,-0.12256371814093026
2022-09-06,2022-12-05,-0.018461013478929922,-0.12871564578620998,-0.055383040436789766,-0.07333260534942021,-0.0786232431197964,0.33590899415269454,28,0.4444444444444444,-0.16171075497200305,0.027761327472055494,-0.14729574223245145
2022-09-07,2022-12-06,-0.05783188948724083,-0.22956690424917092,-0.17349566846172249,-0.05607123578744844,-0.07880890982314359,0.3358386336629208,27,0.42857142857142855,-0.16171075497200293,0.02778256639647663,-0.24592538935168484
2022-09-08,2022-12-07,-0.06651803540529866,-0.2506579400928386,-0.19955410621589598,-0.05110383387694262,-0.0787822121276387,0.33568709642012684,26,0.4126984126984127,-0.16171075497200305,0.027772355708160584,-0.26692801140413425
2022-09-09,2022-12-08,-0.07567813995897055,-0.2718122821689172,-0.22703441987691164,-0.04477786229200553,-0.07790922517098564,0.333518784707781,26,0.4126984126984127,-0.16171075497200282,0.02743446514683275,-0.28619302949061687
2022-09-12,2022-12-09,-0.09236017249147244,-0.31033401018014695,-0.2770805174744173,-0.03325349270572964,-0.07764485231626184,0.3326424978117435,25,0.3968253968253968,-0.16171075497200238,0.027333854825672098,-0.3246039443905596
2022-09-13,2022-12-12,-0.02764725910793442,-0.14345440136966037,-0.08294177732380326,-0.06051262404585711,-0.06829385557776879,0.3154370244790954,26,0.4126984126984127,-0.12005539979056223,0.02448431360684033,-0.16215170278637825
2022-09-14,2022-12-13,-0.024929905752796966,-0.13638454230941888,-0.0747897172583909,-0.06159482505102798,-0.0684355708824208,0.31578425746004146,26,0.4126984126984127,-0.12005539979056246,0.024536940538809032,-0.1548069644208938
2022-09-15,2022-12-14,-0.015767777396084592,-0.11118647028051643,-0.04730333218825378,-0.06388313809226265,-0.06778106654285798,0.3143659484025823,26,0.4126984126984127,-0.1051528684300933,0.024314559002301252,-0.13112793941809497
2022-09-16,2022-12-15,-0.042962809346054565,-0.18577995995023067,-0.1288884280381637,-0.05689153191206697,-0.0711291314434569,0.32123800484203274,26,0.4126984126984127,-0.10499914104105912,0.02540454963681696,-0.20162601626016308
2022-09-19,2022-12-16,-0.057722040886446946,-0.22300760213081627,-0.17316612265934084,-0.049841479471475436,-0.07129096252288847,0.3214650291508434,25,0.3968253968253968,-0.1049991410410589,0.025459700919020962,-0.24335053592695555
2022-09-20,2022-12-19,-0.06573615488518836,-0.24315646177959716,-0.19720846465556507,-0.04594799712403208,-0.07189421464142065,0.32267665583172706,25,0.3968253968253968,-0.09780764035604295,0.025665397010207126,-0.2570150467669786
2022-09-21,2022-12-20,-0.04944279870221535,-0.2020603388486123,-0.14832839610664605,-0.05373194274196624,-0.0709581391322267,0.32081577035583136,25,0.3968253968253968,-0.08345941381372934,0.02534537815739226,-0.21729776247848565
2022-09-22,2022-12-21,-0.023636947905881667,-0.13541158614405646,-0.070910843717645,-0.06450074242641146,-0.0710862265752642,0.32132225165866823,26,0.4126984126984127,-0.08345941381372946,0.025404325911285608,-0.1519213583556751
2022-09-23,2022-12-22,-0.03175928278465456,-0.157727756595047,-0.09527784835396369,-0.06244990824108332,-0.07209724736630085,0.32339915386513063,26,0.4126984126984127,-0.09178809750783024,0.025737778395363328,-0.17691224777100012
2022-09-26,2022-12-23,-0.025549440536502543,-0.14138614018247964,-0.07664832160950763,-0.064737818572972,-0.07206305363506404,0.3233441620372473,27,0.42857142857142855,-0.09178809750783035,0.02572571612316988,-0.16317792578496737
2022-09-27,2022-12-27,-0.03971145438647694,-0.17879172080961692,-0.11913436315943082,-0.059657357650186094,-0.07264061092156338,0.32453806970620014,26,0.4126984126984127,-0.10261473512188446,0.025925445234094707,-0.19961977186311752
2022-09-28,2022-12-28,-0.07087232978495472,-0.2557337141678654,-0.21261698935486417,-0.04311672481300122,-0.07209788474055401,0.32285643213294785,25,0.3968253968253968,-0.11446275364292491,0.025704061742280546,-0.27436012572968127
2022-09-29,2022-12-29,-0.019972781108619664,-0.1256964729030653,-0.05991834332585899,-0.0657781295772063,-0.07114522708331916,0.3217267126631544,26,0.4126984126984127,-0.11446275364292502,0.02546718321876036,-0.15154487493869528
2022-09-30,2022-12-30,-0.0036668412781563076,-0.08049650633096639,-0.011000523834468923,-0.06949598249649747,-0.07030685003422121,0.31990561890010105,26,0.4126984126984127,-0.1144627536429248,0.0251800164056069,-0.10455486542443049
2022-10-03,2023-01-03,-0.0330859503527956,-0.15837763202021282,-0.0992578510583868,-0.05911978096182602,-0.06899147643316972,0.31664430032852453,25,0.3968253968253968,-0.11446275364292469,0.024675325609734303,-0.1815101645692162
2022-10-04,2023-01-04,-0.058093786552299465,-0.2199273110523754,-0.1742813596568984,-0.045645951395477,-0.06650480313186757,0.31019073693305954,25,0.3968253968253968,-0.11446275364292491,0.023709498488913364,-0.2395925597874221
2022-10-05,2023-01-05,-0.07234555642244189,-0.2553743335714195,-0.21703666926732568,-0.0383376643040938,-0.0672198101610243,0.3116160410899251,25,0.3968253968253968,-0.11446275364292458,0.02395427602533842,-0.27546501328609363
2022-10-06,2023-01-06,-0.03917643694595385,-0.17421194336688584,-0.11752931083786156,-0.05668263252902428,-0.0690257645053417,0.31647655888138493,26,0.4126984126984127,-0.11446275364292469,0.02465413621419214,-0.19854611540208988
2022-10-07,2023-01-09,0.005351170568561159,-0.04952441472503877,0.016053511705683476,-0.06557792643072224,-0.06462102911705658,0.3073399504705631,27,0.42857142857142855,-0.11446275364292524,0.0232441171021462,-0.07641025641025578
2022-10-10,2023-01-10,0.02409819451221673,0.004742716755598231,0.07229458353665019,-0.06755186678105196,-0.06452956743057259,0.30705189948033906,28,0.4444444444444444,-0.11446275364292502,0.023215840057088693,-0.021175224986765717
2022-10-11,2023-01-11,0.056327307326354825,0.10232111681605094,0.16898192197906448,-0.06666080516301354,-0.06478254008279494,0.30745209674422946,29,0.4603174603174603,-0.11446275364292502,0.02332639648439823,0.07001102535832371
2022-10-12,2023-01-12,0.06240006091525019,0.12134566085189968,0.18720018274575057,-0.06585452189385088,-0.0648629886491967,0.3075609279429382,30,0.47619047619047616,-0.11446275364292524,0.023355487038250997,0.0889502762430936
2022-10-13,2023-01-13,0.04519752994568749,0.06926170533899745,0.13559258983706246,-0.06633088449806501,-0.06354073861612153,0.30444535884559387,30,0.47619047619047616,-0.11446275364292513,0.022852814397515395,0.04091144484722897
2022-10-14,2023-01-17,0.07977295390043637,0.1823873658060975,0.23931886170130912,-0.056931495895211626,-0.060790568171783854,0.2978850433007445,31,0.49206349206349204,-0.11446275364292502,0.02195348943966844,0.15025611838360797
2022-10-17,2023-01-18,0.03166883237423379,0.03385635577216828,0.09500649712270137,-0.061150141350533094,-0.05845892493345939,0.29218795255940994,30,0.47619047619047616,-0.1144627536429248,0.021032074693189507,0.008290155440414892
2022-10-18,2023-01-19,0.01351849123323845,-0.019867108264606248,0.04055547369971535,-0.0604225819643216,-0.058565880875600884,0.29255207780008063,29,0.4603174603174603,-0.11446275364292502,0.021066057925111622,-0.04701718907987862
2022-10-19,2023-01-20,0.04506636104846651,0.07233382798732824,0.13519908314539952,-0.06286525515807129,-0.060496504474504054,0.2973539755894233,30,0.47619047619047616,-0.11446275364292513,0.021801706379868502,0.04350051177072656
2022-10-20,2023-01-23,0.07376165880123287,0.16158116432955194,0.2212849764036986,-0.059703812074146656,-0.061734205550034504,0.3001302848243061,31,0.49206349206349204,-0.11446275364292502,0.022269225172479555,0.13118167621030707
2022-10-21,2023-01-24,0.0470190981047125,0.07859444708070029,0.1410572943141375,-0.0624628472334372,-0.060288872282944994,0.2967975327266191,30,0.47619047619047616,-0.11446275364292502,0.02172360134316208,0.05007292173067568
2022-10-24,2023-01-25,0.033327347818279174,0.03718175267089041,0.09998204345483752,-0.06280029078394711,-0.05997133496358131,0.2961456623114771,29,0.4603174603174603,-0.11446275364292502,0.021607496595017373,0.007992477668077091
2022-10-25,2023-01-26,0.03212413356320987,0.03369978175932431,0.0963724006896296,-0.06267261893030529,-0.059846806691950416,0.295828856568043,29,0.4603174603174603,-0.11446275364292524,0.021559738862170965,0.0057649667405763605
2022-10-26,2023-01-27,0.06595185838160678,0.14014842692625407,0.19785557514482033,-0.05770714821856626,-0.058655435708426684,0.2927318625862337,30,0.47619047619047616,-0.1144627536429248,0.021170579214966578,0.10778727445394165
2022-10-27,2023-01-30,0.06376662879759576,0.1328663511529231,0.19129988639278728,-0.058433535239864165,-0.05889172677077015,0.29330073237049337,30,0.47619047619047616,-0.11446275364292502,0.02124791685104454,0.10201005025125487
2022-10-28,2023-01-31,0.04764952706066383,0.08426066682355193,0.1429485811819915,-0.058687914358439564,-0.05705656855685848,0.28855163842794346,30,0.47619047619047616,-0.11446275364292513,0.020536098547175963,0.05576036866359413
2022-10-31,2023-02-01,0.08264076272710907,0.19552066523824108,0.24792228818132722,-0.052401622943086146,-0.05788490303691196,0.29027447986270466,31,0.49206349206349204,-0.11446275364292502,0.020858143416034373,0.16420047732696852
2022-11-01,2023-02-02,0.13307404311002768,0.3661177520108778,0.39922212933008305,-0.033104377319205236,-0.06089692462996121,0.29732075948296127,32,0.5079365079365079,-0.11446275364292491,0.022041830352550904,0.3256157635467971
2022-11-02,2023-02-03,0.15243902439024337,0.44151347236697824,0.4573170731707301,-0.01580360080375187,-0.058186660632793985,0.29086277685179573,32,0.5079365079365079,-0.11446275364292469,0.021182760808531077,0.4021978021978019
2022-11-03,2023-02-06,0.16545740719413327,0.49239252797342514,0.4963722215823998,-0.003979693608974655,-0.057255848810580434,0.2882973674099193,32,0.5079365079365079,-0.11446275364292513,0.0208727092032803,0.45014577259475175
2022-11-04,2023-02-07,0.17077225328698775,0.5121832503742023,0.5123167598609633,-0.000133509486760941,-0.05770440838864943,0.28932585828653423,32,0.5079365079365079,-0.11446275364292524,0.021043245588537547,0.47130919220055634
2022-11-07,2023-02-08,0.137449082551665,0.3858100279984653,0.412347247654995,-0.026537219656529665,-0.05831033212886105,0.2916738094452861,31,0.49206349206349204,-0.11446275364292502,0.021238535256869792,0.3493520518358533
2022-11-08,2023-02-09,0.11924018698523464,0.32020490208047003,0.3577205609557039,-0.03751565887523389,-0.05838914836547282,0.29231519346685275,30,0.47619047619047616,-0.11446275364292446,0.021263539947260615,0.285412262156447
2022-11-09,2023-02-10,0.13815889412122084,0.39047144065068395,0.41447668236366253,-0.024005241712978576,-0.05690947071537733,0.28840755871087753,30,0.47619047619047616,-0.11446275364292524,0.020774098107343965,0.3534090909090908
2022-11-10,2023-02-13,0.0769230769230771,0.19315693268744827,0.23076923076923128,-0.03761229808178301,-0.044691770730932,0.2508321073748829,30,0.47619047619047616,-0.1144627536429248,0.015585861317868219,0.16317016317016342
2022-11-11,2023-02-14,0.06525211834977052,0.15571975306813712,0.19575635504931155,-0.040036601981174424,-0.04391761536930894,0.24873153395913172,30,0.47619047619047616,-0.11446275364292502,0.015300937243990655,0.12439347154830149
2022-11-14,2023-02-15,0.08288957399103136,0.2141575913480287,0.2486687219730941,-0.03451113062506539,-0.04385767680149755,0.24824847536436187,31,0.49206349206349204,-0.11446275364292469,0.015283043806293218,0.18078840054372436
2022-11-15,2023-02-16,0.04806662289643748,0.10013761839773228,0.14419986868931245,-0.044062250291580174,-0.04439075250818281,0.25015678180880124,30,0.47619047619047616,-0.11446275364292491,0.015443639156543794,0.0701219512195117
2022-11-16,2023-02-17,0.05507286995515703,0.12282864139091809,0.1652186098654711,-0.04238996847455301,-0.04398189965277388,0.24894625228626455,30,0.47619047619047616,-0.11446275364292469,0.015307116214030943,0.09123921924648148
2022-11-17,2023-02-21,0.03237245883220363,0.05003195923055026,0.0971173764966109,-0.047085417266060636,-0.04568162227357886,0.25371734030865145,30,0.47619047619047616,-0.11446275364292491,0.01586275628283791,0.02241537053979825
2022-11-18,2023-02-22,0.033108630011937645,0.05227809331691802,0.09932589003581294,-0.04704779671889492,-0.04568321834095734,0.25371454203726373,30,0.47619047619047616,-0.11446275364292524,0.015863314887660195,0.02426739926739896
2022-11-21,2023-02-23,0.05296392209727263,0.11423724442512606,0.1588917662918179,-0.04465452186669183,-0.04558512875475973,0.25323573852550524,31,0.49206349206349204,-0.11446275364292469,0.015833772398756905,0.08262511803588235
2022-11-22,2023-02-24,0.02063297779332185,0.014434334651181047,0.06189893337996555,-0.0474645987287845,-0.04585330640780949,0.25416771470168076,30,0.47619047619047616,-0.1144627536429248,0.01590669900852924,-0.013593112822836595
2022-11-23,2023-02-27,0.0177273042033097,0.005939089491195704,0.053181912609929105,-0.0472428231187334,-0.04571651913585184,0.25379165927984426,30,0.47619047619047616,-0.11446275364292524,0.01585724623700944,-0.021557413110426804
2022-11-25,2023-02-28,0.023142339328035,0.022211543909647524,0.069427017984105,-0.047215474074457475,-0.0455952094426334,0.2534204662691409,30,0.47619047619047616,-0.11446275364292513,0.01581564096502243,-0.005840071877808439
2022-11-28,2023-03-01,0.030030773584238668,0.043491841302816026,0.090092320752716,-0.04660047944989998,-0.04514273296014304,0.25215149031728934,30,0.47619047619047616,-0.11446275364292469,0.01566497111837882,0.014567669172931286
2022-11-29,2023-03-02,0.04647681505506629,0.09424902995302342,0.13943044516519887,-0.045181415212175446,-0.04516718163959599,0.25205802283043727,31,0.49206349206349204,-0.11446275364292535,0.015676166173776814,0.06451612903225779
2022-11-30,2023-03-03,0.02154349604581407,0.022307475935475995,0.06463048813744221,-0.042323012201966215,-0.041016913816899314,0.23865281154698892,31,0.49206349206349204,-0.11446275364292491,0.01402550474074359,-0.00424448217317519
2022-12-01,2023-03-06,0.021448999046711492,0.02202446666889446,0.06434699714013448,-0.042322530471240016,-0.041016287488165215,0.23865165668178628,31,0.49206349206349204,-0.11446275364292491,0.014025286005196463,-0.005487547488392863
2022-12-02,2023-03-07,0.01295505041873235,-0.0036773143759394333,0.03886515125619705,-0.042542465632136484,-0.041417498796078034,0.23984863279861637,31,0.49206349206349204,-0.11092121004956379,0.014159869695160518,-0.03118325501922281
2022-12-05,2023-03-08,0.03539146154915995,0.06486681464513211,0.10617438464747986,-0.04130757000234775,-0.040640113785297194,0.23748095824727292,32,0.5079365079365079,-0.0989087129741898,0.013903127972285564,0.034188034188032734
2022-12-06,2023-03-09,0.03898040329451957,0.07642945018384428,0.11694120988355872,-0.040511759699714434,-0.04023810667216843,0.23633297434229975,32,0.5079365079365079,-0.09890871297418968,0.013773982145088683,0.04610951008645392
2022-12-07,2023-03-10,0.028588742736963102,0.043863798173908286,0.0857662282108893,-0.04190243003698102,-0.04077931503695886,0.2379889135951487,32,0.5079365079365079,-0.0989087129741899,0.013954536842027162,0.015070491006319298
2022-12-08,2023-03-13,0.024097234454817595,0.03050174360975011,0.07229170336445279,-0.04178995975470268,-0.040543805941449906,0.23730103893197785,32,0.5079365079365079,-0.0989087129741899,0.013869478613281081,0.0014084507042255723
2022-12-09,2023-03-14,0.05435399234151217,0.12302724757118777,0.1630619770245365,-0.04003472945334874,-0.04185562796822351,0.24108267546419374,33,0.5238095238095238,-0.0989087129741899,0.014356889006266575,0.09047391096218149
2022-12-12,2023-03-15,0.04674697107640613,0.09930782279391726,0.1402409132292184,-0.040933090435301134,-0.041495447659299356,0.24009497560135154,33,0.5238095238095238,-0.0989087129741898,0.01422687149392315,0.06743648960739002
2022-12-13,2023-03-16,0.06291356313874985,0.1491820471719476,0.18874068941624955,-0.039558642244301945,-0.04303735330596825,0.24470026174907789,33,0.5238095238095238,-0.0989087129741898,0.014806193654666922,0.11688311688311614
2022-12-14,2023-03-17,0.06579176992077174,0.1586590440964717,0.1973753097623152,-0.03871626566584352,-0.04294131413043745,0.2443796436544047,33,0.5238095238095238,-0.09217828348050638,0.014773564450723043,0.12706422018348484
2022-12-15,2023-03-20,0.10502365560330884,0.2961647930518956,0.3150709668099265,-0.018906173758030942,-0.039393557088676756,0.23398171680149912,34,0.5396825396825397,-0.07432952649813895,0.013650174379205769,0.2642566191446012
2022-12-16,2023-03-21,0.1315952597994532,0.39150376581173374,0.39478577939835957,-0.0032820135866258315,-0.039690937495730716,0.2341851828577057,35,0.5555555555555556,-0.07432952649813918,0.013763256483085125,0.35781741867785843
2022-12-19,2023-03-22,0.13482854494902652,0.40384321190330397,0.40448563484707956,-0.0006424229437755891,-0.03943257985331017,0.23334977288791475,35,0.5555555555555556,-0.07432952649813918,0.013678926648326373,0.3508483853311426
2022-12-20,2023-03-23,0.14918008458855891,0.4571871844413171,0.44754025376567674,0.009646930675640375,-0.039823505554418825,0.23408023742849735,36,0.5714285714285714,-0.07432952649813884,0.013818935002062495,0.40516767454645275
2022-12-21,2023-03-24,0.1369171695008231,0.4118351532787172,0.41075150850246933,0.001083644776247894,-0.03927848715187987,0.2327865747338472,36,0.5714285714285714,-0.07432952649813895,0.013622050538671231,0.3603793466807157
2022-12-22,2023-03-27,0.1574448942869997,0.4923480800468394,0.4723346828609991,0.020013397185840276,-0.03756998077500351,0.22720152342926336,36,0.5714285714285714,-0.07432952649813951,0.013070446410061942,0.44184720638540376
2022-12-23,2023-03-28,0.14871334530221358,0.4587250025584506,0.44614003590664075,0.012584966651809859,-0.03763808617788178,0.22772776118709656,35,0.5555555555555556,-0.07432952649813918,0.013093600215665106,0.41387151790790067
2022-12-27,2023-03-29,0.18643296152970668,0.6066661016361106,0.55929888458912,0.04736721704699054,-0.03795359851838809,0.2274311562693641,36,0.5714285714285714,-0.07432952649813918,0.013226186028341998,0.5576009501187627
2022-12-28,2023-03-30,0.21368704344482903,0.7204327110670008,0.6410611303344871,0.07937158073251371,-0.037684360046154275,0.22545108976920866,37,0.5873015873015873,-0.07432952649813918,0.013141464095047496,0.6670792079207906
2022-12-29,2023-03-31,0.2045113346344396,0.6831849372254419,0.6135340039033188,0.06965093332212313,-0.03683839310859982,0.22301031670796995,37,0.5873015873015873,-0.07432952649813884,0.012823894111272681,0.6335260115606927
2022-12-30,2023-04-03,0.2023058434730356,0.673927948276704,0.6069175304191068,0.0670104178575972,-0.03685452884846585,0.22316220211662563,37,0.5873015873015873,-0.07432952649813929,0.012829440520284906,0.6219653179190741
2023-01-03,2023-04-04,0.20640502117362325,0.6912856352984447,0.6192150635208697,0.07207057177757492,-0.036753250945315674,0.2226608761436954,37,0.5873015873015873,-0.0743295264981394,0.01279512555488566,0.6428149024246006
2023-01-04,2023-04-05,0.18883118837961854,0.6180685258503471,0.5664935651388556,0.05157496071149148,-0.03697770853380078,0.22413015943811734,36,0.5714285714285714,-0.07432952649813929,0.01286989434313951,0.5661036691904473
2023-01-05,2023-04-06,0.2158804189922776,0.7321436169671891,0.6476412569768328,0.08450235999035627,-0.0363677983786046,0.22107088906170258,37,0.5873015873015873,-0.07432952649813906,0.012670291573024973,0.6766503667481654
2023-01-06,2023-04-10,0.18255208333333317,0.59696668253436,0.5476562499999995,0.049310432534360515,-0.0343160286109081,0.21554403095144173,36,0.5714285714285714,-0.07432952649813884,0.011908769146846422,0.5515873015872998
2023-01-09,2023-04-11,0.16740592888297456,0.5363840086349265,0.5022177866489237,0.03416622198600283,-0.03431809350999093,0.2161812783594949,35,0.5555555555555556,-0.07432952649813862,0.011908053747150931,0.49028317601332416
2023-01-10,2023-04-12,0.14738115309899946,0.4586274894397788,0.4421434592969984,0.016484030142780437,-0.03434663451538866,0.21702465492024914,34,0.5396825396825397,-0.07432952649813895,0.011914442294380826,0.413196322336397
2023-01-11,2023-04-13,0.14995496306971745,0.468120607528661,0.44986488920915235,0.018255718319508674,-0.034573448132732554,0.21771364877090046,34,0.5396825396825397,-0.07432952649813906,0.01199860816431848,0.4234930448222549
2023-01-12,2023-04-14,0.14162336498835337,0.43654974903707533,0.4248700949650601,0.011679654072015211,-0.0345003412843653,0.2177805972702059,33,0.5238095238095238,-0.07432952649813873,0.011972934216537934,0.39370877727042086
2023-01-13,2023-04-17,0.1347830729259356,0.4110756730658336,0.40434921877780683,0.006726454288026762,-0.034367759079382276,0.21758740518653752,33,0.5238095238095238,-0.07432952649813884,0.011926311429818892,0.3681592039800985
2023-01-17,2023-04-18,0.13255665269588723,0.4028036664411756,0.3976699580876617,0.005133708353513899,-0.03435591220779122,0.21762558632066312,33,0.5238095238095238,-0.07432952649813873,0.011922199796291558,0.36170212765957355
2023-01-18,2023-04-19,0.14693392831438,0.45767285150052994,0.44080178494314004,0.016871066557389902,-0.03384931759699317,0.21553178174521131,33,0.5238095238095238,-0.07432952649813929,0.011753422943791045,0.4110996916752292
2023-01-19,2023-04-20,0.14948210067236078,0.467585196152809,0.44844630201708235,0.01913889413572667,-0.03373403323939683,0.2150745103154709,33,0.5238095238095238,-0.07432952649813951,0.011715037200469474,0.4228116710875318
2023-01-20,2023-04-21,0.12002971557945319,0.36048241880826803,0.36008914673835957,0.00039327206990846797,-0.03171255997102884,0.20896317809771325,33,0.5238095238095238,-0.07432952649813873,0.010967179129461099,0.3178028445316332
2023-01-23,2023-04-24,0.09340393133997771,0.2674983264718205,0.2802117940199331,-0.012713467548112645,-0.03037121133505838,0.20496748573642026,32,0.5079365079365079,-0.07432952649813895,0.010477976929645283,0.22917625402669062
2023-01-24,2023-04-25,0.07497312480493812,0.20313875815355154,0.22491937441481435,-0.02178061626126282,-0.031448099933942264,0.2088729875225393,32,0.5079365079365079,-0.07432952649813918,0.010829648809235282,0.16666666666666607
2023-01-25,2023-04-26,0.08389809891217537,0.2332398777640281,0.2516942967365261,-0.018454418972498,-0.03153886730937061,0.20897352454851412,33,0.5238095238095238,-0.07432952649813829,0.010861503930625948,0.19496268656716387
2023-01-26,2023-04-27,0.092077452785164,0.26013030990094377,0.276232358355492,-0.016102048454548212,-0.03249072796664143,0.21222796244196948,33,0.5238095238095238,-0.07432952649813884,0.011220694060824274,0.2208994708994707
2023-01-27,2023-04-28,0.08877337473840496,0.2489138485961877,0.2663201242152149,-0.01740627561902719,-0.03234620203497862,0.21182003376174213,33,0.5238095238095238,-0.07432952649813884,0.011169197714046791,0.21088726960994375
2023-01-30,2023-05-01,0.10996658283666916,0.3249845636830113,0.3298997485100075,-0.004915184826996155,-0.03109520106961816,0.20728018444524748,33,0.5238095238095238,-0.07432952649813884,0.010761716578289192,0.2845417236662111
2023-01-31,2023-05-02,0.08404045889620582,0.2348023399120236,0.25212137668861745,-0.017319036776593855,-0.03069384684241272,0.20654462252888953,32,0.5079365079365079,-0.07432952649813895,0.010613200599854175,0.19685726756874655
2023-02-01,2023-05-03,0.05439984048916746,0.1375844322012323,0.16319952146750238,-0.025615089266270097,-0.029562332128658664,0.203065766838486,31,0.49206349206349204,-0.07432952649813884,0.01019877051528909,0.10209102091020883
2023-02-02,2023-05-04,0.01427563197741577,0.01613112749115353,0.04282689593224731,-0.02669576844109378,-0.026173069541640226,0.19038350987124544,30,0.47619047619047616,-0.07432952649813929,0.008923143049900857,-0.01226309921962121
2023-02-03,2023-05-05,0.054575739760924336,0.14180032314981306,0.163727219282773,-0.02192689613295995,-0.0264532019371857,0.19132738320541906,31,0.49206349206349204,-0.06883309668258653,0.00905903530557119,0.10540752351097149
2023-02-06,2023-05-08,0.06620771435159334,0.18023835783653697,0.19862314305478002,-0.01838478521824305,-0.026257190346867132,0.19039749104795917,32,0.5079365079365079,-0.06883309668258653,0.008993617953181963,0.14354644149577767
2023-02-07,2023-05-09,0.03795017426100422,0.09006023110466188,0.11385052278301266,-0.023790291678350783,-0.02518775244722904,0.18671279996130113,31,0.49206349206349204,-0.06883309668258641,0.008604461753011631,0.056039379023097524
2023-02-08,2023-05-10,0.06823931399283834,0.18907453407625074,0.204717941978515,-0.01564340790226426,-0.02455360772313453,0.18398715346464398,32,0.5079365079365079,-0.0664833387253313,0.00840670714222688,0.15206082432973167
2023-02-09,2023-05-11,0.08127817555025207,0.23340643130697014,0.24383452665075622,-0.010428095343786081,-0.02435034188358376,0.18291520358912328,33,0.5238095238095238,-0.06648333872533152,0.008339226653659706,0.19366776315789402
2023-02-10,2023-05-12,0.08451785118451793,0.24464130592435085,0.2535535535535538,-0.008912247629202952,-0.024260031324091713,0.18249109143092768,33,0.5238095238095238,-0.06648333872533119,0.008309015280764902,0.2061293031066329
2023-02-13,2023-05-15,0.07320197044334975,0.20687221933349043,0.21960591133004925,-0.012733691996558827,-0.023624425510387126,0.18024696139481,33,0.5238095238095238,-0.0664833387253313,0.008081823488918848,0.16913827655310665
2023-02-14,2023-05-16,0.06653626731866291,0.18470954002070727,0.19960880195598873,-0.01489926193528146,-0.02347132321771539,0.17980549607619029,33,0.5238095238095238,-0.06648333872533163,0.008028505700340244,0.14868575912122362
2023-02-15,2023-05-17,0.0712390812034942,0.20014648548395653,0.2137172436104826,-0.013570758126526083,-0.023718560825418344,0.1806833346911053,33,0.5238095238095238,-0.06648333872533141,0.008116326278602325,0.1638526477359934
2023-02-16,2023-05-18,0.11200131882624498,0.34259669804612725,0.33600395647873493,0.006592741567392313,-0.023595734936326274,0.1793782456762276,34,0.5396825396825397,-0.04863171777118347,0.008109201275219935,0.3007733007733002
2023-02-17,2023-05-19,0.11737946606455019,0.36235777284678483,0.35213839819365056,0.010219374653134272,-0.02346207215913121,0.17867590154403656,34,0.5396825396825397,-0.041871430468853665,0.00806449583992903,0.3202995008319467
2023-02-21,2023-05-22,0.14831819882324848,0.4812914276194997,0.44495459646974544,0.03633683114975428,-0.021741192857753222,0.1710100138556963,35,0.5555555555555556,-0.038230784614358915,0.007515260549998786,0.43489932885905946
2023-02-22,2023-05-23,0.13291418861512372,0.42176848583440196,0.39874256584537116,0.023025919989030807,-0.02222746092611083,0.17357897427562696,34,0.5396825396825397,-0.03823078461435869,0.007675387346907793,0.3781850692892259
2023-02-23,2023-05-24,0.11734384475439597,0.3641455912814453,0.3520315342631879,0.012114057018257407,-0.02208704141556439,0.1736208810518287,33,0.5238095238095238,-0.03823078461435869,0.007625416063732209,0.3227213257740942
2023-02-24,2023-05-25,0.16402261435668986,0.5411417143716768,0.49206784307006957,0.04907387130160723,-0.022856556231400815,0.17519755566262132,34,0.5396825396825397,-0.03823078461435869,0.007937138447054464,0.49379880569591084
2023-02-27,2023-05-26,0.1852759066476144,0.624374840210723,0.5558277199428432,0.06854712026787979,-0.024498627798828942,0.18096302357048424,34,0.5396825396825397,-0.038230784614358915,0.008538681140688736,0.5728417266187043
2023-02-28,2023-05-30,0.19219239678430355,0.6528849980012867,0.5765771903529107,0.07630780764837608,-0.02455318602885126,0.18080714403887224,35,0.5555555555555556,-0.03823078461435869,0.008557576239589497,0.6028016267510168
2023-03-01,2023-05-31,0.19502060439560465,0.6648420989054391,0.5850618131868139,0.07978028571862517,-0.02445598430914364,0.18029121583398036,35,0.5555555555555556,-0.03823078461435869,0.008525277862975113,0.6095414543770259
2023-03-02,2023-06-01,0.19890330710806814,0.680807558092432,0.5967099213242044,0.08409763676822757,-0.024638704636357533,0.18080693702434317,35,0.5555555555555556,-0.038230784614358804,0.008590234049943232,0.6286748077792852
2023-03-03,2023-06-02,0.1834289909236504,0.6182585613567992,0.5502869727709512,0.06797158858584806,-0.023614545772505213,0.1774457518624038,35,0.5555555555555556,-0.038230784614358915,0.00821907969451449,0.569479965899403
2023-03-06,2023-06-05,0.18292113859075987,0.6161799121960041,0.5487634157722796,0.06741649642372449,-0.023612239571180527,0.17746361038147535,35,0.5555555555555556,-0.038230784614358804,0.008218289418222804,0.5662139219015279
2023-03-07,2023-06-06,0.19740838226361546,0.6770723584363565,0.5922251467908464,0.08484721164551012,-0.023156662302968423,0.17493978728220533,35,0.5555555555555556,-0.03408843049886279,0.008067866949781354,0.6252204585537906
2023-03-08,2023-06-07,0.17124437579746132,0.5682194810062733,0.513733127392384,0.054486353613889316,-0.023967477383476488,0.17934079876637207,34,0.5396825396825397,-0.034088430498862565,0.008330748838071179,0.5215311004784691
2023-03-09,2023-06-08,0.20669035741132857,0.7158032327967734,0.6200710722339857,0.09573216056278766,-0.023482670504006098,0.1757550457398739,35,0.5555555555555556,-0.034088430498862676,0.00818465147040658,0.6611570247933896
2023-03-10,2023-06-09,0.22855657598336476,0.8118135889489597,0.6856697279500943,0.12614386099886543,-0.022924710488943623,0.1722920192403003,36,0.5714285714285714,-0.034088430498862454,0.008002042094590088,0.7538314176245218
2023-03-13,2023-06-12,0.2401183391241517,0.8622234984968495,0.7203550173724551,0.14186848112439443,-0.023567081087173758,0.17423829579574085,36,0.5714285714285714,-0.03408843049886234,0.008232549115686248,0.8045007032348805
2023-03-14,2023-06-13,0.22157581464169196,0.7822819132408874,0.6647274439250759,0.11755446931581148,-0.022278596350229773,0.16991266215401482,36,0.5714285714285714,-0.03408843049886234,0.007763521237263272,0.7273924495171213
2023-03-15,2023-06-14,0.224032382163047,0.7929232600296654,0.672097146489141,0.12082611354052442,-0.022350957227083912,0.17005780670776208,36,0.5714285714285714,-0.034088430498862454,0.007788817702167903,0.7390739939420159
2023-03-16,2023-06-15,0.2068055148137271,0.7209217018855945,0.6204165444411813,0.10050515744441313,-0.020849944305757262,0.16444727129140493,36,0.5714285714285714,-0.034088430498862676,0.0072359187736353745,0.668003207698477
2023-03-17,2023-06-16,0.20490568509300378,0.7127162225425847,0.6147170552790113,0.09799916726357338,-0.020901803105265238,0.16477757300560195,36,0.5714285714285714,-0.034088430498862565,0.007253183485813445,0.6605616605616604
2023-03-20,2023-06-20,0.1991371703108129,0.6882149074791974,0.5974115109324387,0.09080339654675873,-0.020913335978376413,0.1651768851374709,35,0.5555555555555556,-0.034088430498862454,0.007257029807113561,0.6351188078936774
2023-03-21,2023-06-21,0.16614036218341055,0.5526678094097763,0.49842108655023165,0.05424672285954468,-0.02090221701257733,0.16681080164837747,34,0.5396825396825397,-0.03408843049886234,0.0072387555183912825,0.5011591962905719
2023-03-22,2023-06-22,0.1961649026525536,0.6759974294020425,0.5884947079576608,0.08750272144438176,-0.02073511407561246,0.1645693225201558,35,0.5555555555555556,-0.03408843049886301,0.007193062817897891,0.6264181523500809
2023-03-23,2023-06-23,0.17042776432606854,0.5702908165151119,0.5112832929782056,0.0590075235369063,-0.020631244523056202,0.16551016082100733,34,0.5396825396825397,-0.03408843049886279,0.007150724462536564,0.5238654147104855
2023-03-24,2023-06-26,0.1505033934832256,0.49068075725478466,0.45151018044967683,0.039170576805107826,-0.021139207868324683,0.16853754057223577,33,0.5238095238095238,-0.03408843049886234,0.007316884424933624,0.44887683965917935
2023-03-27,2023-06-27,0.17835859567301426,0.6004695593506117,0.5350757870190428,0.06539377233156896,-0.0218285207865776,0.1700946170374154,34,0.5396825396825397,-0.034088430498862565,0.0075655825930022345,0.5523922499011478
2023-03-28,2023-06-28,0.18696275071633206,0.6359070187128131,0.5608882521489962,0.0750187665638169,-0.021755656600135675,0.16932883250002936,35,0.5555555555555556,-0.03408843049886279,0.007541178028727227,0.5882589465219141
2023-03-29,2023-06-29,0.16337298541826395,0.5417431498279683,0.49011895625479185,0.05162419357317649,-0.020836755116886208,0.1666376281894554,34,0.5396825396825397,-0.03408843049886223,0.00721271247079106,0.4956157072054901
2023-03-30,2023-06-30,0.17023568170299108,0.5685249715250853,0.5107070451089732,0.05781792641611205,-0.021250779858709823,0.16807469037818248,34,0.5396825396825397,-0.03408843049886212,0.007360900499106808,0.5219005196733482
2023-03-31,2023-07-03,0.15380301000217989,0.504541760143588,0.46140903000653966,0.043132730137048325,-0.020489166381065016,0.16562194844398914,34,0.5396825396825397,-0.034088430498862676,0.007089864371301696,0.4607218683651795
2023-04-03,2023-07-05,0.15658285178822262,0.5154696240760408,0.46974855536466786,0.045721068711372936,-0.020471697222669505,0.1654109804459577,34,0.5396825396825397,-0.03397612488521584,0.0070839580788247735,0.4700641482537422
2023-04-04,2023-07-06,0.15165951045225246,0.4959845654390065,0.45497853135675737,0.04100603408224912,-0.02061191162016518,0.16622479233642073,34,0.5396825396825397,-0.0339761248852154,0.0071305794222117904,0.4499640028797698
2023-04-05,2023-07-07,0.15928083059002307,0.5262887490268575,0.4778424917700692,0.048446257256788305,-0.020350459655536057,0.16478528464083803,34,0.5396825396825397,-0.03397612488521573,0.007044137308138384,0.4827073261435473
2023-04-06,2023-07-10,0.15189435623329572,0.49749964710968575,0.4556830686998872,0.04181657840979858,-0.02021953221411632,0.16459779868628005,34,0.5396825396825397,-0.03397612488521584,0.0069987872261961775,0.45461173897192775
2023-04-10,2023-07-11,0.15824079026016813,0.5222794151518968,0.4747223707805044,0.04755704437139241,-0.020289397774333917,0.1645765655511062,35,0.5555555555555556,-0.03397612488521573,0.007022875425844578,0.4786262331019364
2023-04-11,2023-07-12,0.18044517620238576,0.610975093455975,0.5413355286071573,0.06963956484881773,-0.020619707685464395,0.16484348334160243,36,0.5714285714285714,-0.03397612488521584,0.007141206107416484,0.5637108792846495
2023-04-12,2023-07-13,0.21118706874520687,0.7391213934469243,0.6335612062356206,0.10556018721130367,-0.021194905251974205,0.1655915882320641,37,0.5873015873015873,-0.03397612488521551,0.007351445264032237,0.6861844623038653
2023-04-13,2023-07-14,0.18767428016417487,0.6415832887411481,0.5630228404925246,0.07856044824862352,-0.020124571451196838,0.16228232552463806,36,0.5714285714285714,-0.03397612488521573,0.0069680287147737136,0.5931958016648575
2023-04-14,2023-07-17,0.2010233229745424,0.6971450437179836,0.6030699689236272,0.0940750747943564,-0.020364224792294827,0.1625224788921453,37,0.5873015873015873,-0.03397612488521551,0.007051705063813551,0.6468875136512553
2023-04-17,2023-07-18,0.2098231087692881,0.7343864402372411,0.6294693263078643,0.10491711392937675,-0.02055457402995131,0.1627960207522269,37,0.5873015873015873,-0.03397612488521551,0.007117909842829074,0.6843636363636358
2023-04-18,2023-07-19,0.20946496895188949,0.7328463598901851,0.6283949068556685,0.10445145303451664,-0.020554722524662505,0.16281939365199874,36,0.5714285714285714,-0.03397612488521551,0.007117960345289933,0.6831395348837206
2023-04-19,2023-07-20,0.18214050390637238,0.6152893099940382,0.5464215117191171,0.06886779827492107,-0.0222157775302676,0.17088195936559752,36,0.5714285714285714,-0.03397612488521551,0.007649133294484444,0.5684632192279673
2023-04-20,2023-07-21,0.18765018338181294,0.6382272303294789,0.5629505501454388,0.0752766801840401,-0.022068309375896322,0.1699923933457536,36,0.5714285714285714,-0.03397612488521562,0.007599996045997669,0.5917225950783005
2023-04-21,2023-07-24,0.1883073813208671,0.6409411604871444,0.5649221439626013,0.07601901652454313,-0.022072577966040008,0.1699728721383866,36,0.5714285714285714,-0.03397612488521562,0.007601458825694595,0.5950874581317442
2023-04-24,2023-07-25,0.1988605792055691,0.6848435117105245,0.5965817376167073,0.08826177409381719,-0.02219212694141992,0.1698621489089591,37,0.5873015873015873,-0.03397612488521573,0.007643051488593355,0.6368401347809789
2023-04-25,2023-07-26,0.21784573695925546,0.7680880542859807,0.6535372108777664,0.11455084340821431,-0.02112542309375498,0.16451442587444381,37,0.5873015873015873,-0.03397612488521551,0.007298276038236677,0.7170634920634915
2023-04-26,2023-07-27,0.20761855901497306,0.7240747472188742,0.6228556770449192,0.10121907017395504,-0.021035925825519164,0.1647810626778376,36,0.5714285714285714,-0.03397612488521562,0.007267178668449007,0.6744730679156901
2023-04-27,2023-07-28,0.19706570938036427,0.6811494976929207,0.5911971281410928,0.08995236955182784,-0.01994067762513163,0.16035496718352346,36,0.5714285714285714,-0.03397612488521573,0.006859611487549896,0.6330805344889849
2023-04-28,2023-07-31,0.18948412698412564,0.6496387448220065,0.5684523809523769,0.08118636386962952,-0.019804069069300545,0.16021727502265168,36,0.5714285714285714,-0.03397612488521584,0.006812291366731933,0.6038938053097334
2023-05-01,2023-08-01,0.18808777429467027,0.6438157660806674,0.5642633228840108,0.07955244319665655,-0.019816108924900266,0.1603520327503909,36,0.5714285714285714,-0.03397612488521562,0.006816356325393053,0.5960241391551286
2023-05-02,2023-08-02,0.17223996493205496,0.5768573382635067,0.5167198947961649,0.060137443467341845,-0.02108984748056597,0.16628109101142038,36,0.5714285714285714,-0.03397612488521562,0.00722183626906689,0.5324580598103579
2023-05-03,2023-08-03,0.1780705348419409,0.6007007055170155,0.5342116045258227,0.06648910099119276,-0.020969425216231796,0.16547082705821614,36,0.5714285714285714,-0.03397612488521551,0.007181581613012862,0.5520833333333315
2023-05-04,2023-08-04,0.1767087326438297,0.5951100598554335,0.5301261979314891,0.06498386192394445,-0.020997671865661593,0.1656618335349869,36,0.5714285714285714,-0.035516150775133704,0.007191040463043494,0.5477802859292702
2023-05-05,2023-08-07,0.1619746662950221,0.5375853361843372,0.4859239988850663,0.051661337299270915,-0.019947705272141847,0.16174957090658676,36,0.5714285714285714,-0.035516150775133815,0.0068109786702012015,0.49450549450549386
2023-05-08,2023-08-08,0.14924773703234484,0.48731103714164825,0.4477432110970345,0.03956782604461373,-0.02014722024927018,0.16322228023889646,35,0.5555555555555556,-0.03561984756571768,0.0068771301549676415,0.4444444444444433
2023-05-09,2023-08-09,0.1438564855117519,0.46610934105381996,0.4315694565352557,0.03453988451856427,-0.020393306246920928,0.16448142764248636,35,0.5555555555555556,-0.046222844402965646,0.00695790222802223,0.4238078164216543
2023-05-10,2023-08-10,0.13363474195731007,0.42763330901219354,0.4009042258719302,0.026729083140263343,-0.020065086784362918,0.16353035475173594,35,0.5555555555555556,-0.04622284440296576,0.0068429062876582455,0.38555053838138176
2023-05-11,2023-08-11,0.12274678111587867,0.38676393857925406,0.368240343347636,0.018523595231618062,-0.020155670019135874,0.1643727272771037,34,0.5396825396825397,-0.05055218540986184,0.006872926697421544,0.34653806407164867
2023-05-12,2023-08-14,0.13943328308156167,0.4490434533971541,0.418299849244685,0.03074360415246913,-0.02047684734730426,0.16503348562574105,35,0.5555555555555556,-0.05055218540986128,0.0069859985119634805,0.40584754611903784
2023-05-15,2023-08-15,0.12127054071422005,0.38048796616822655,0.36381162214266016,0.016676344025566392,-0.0207323922659457,0.16683860312319582,34,0.5396825396825397,-0.050552185409861394,0.00706928324207142,0.3421323277339723
2023-05-16,2023-08-16,0.10814280474385529,0.33210950120348337,0.3244284142315659,0.0076810869719174946,-0.02106753124684735,0.16868676251701095,33,0.5238095238095238,-0.060144138538912206,0.007180126992590811,0.2926912568306004
2023-05-17,2023-08-17,0.08293065957960732,0.24331016430159935,0.24879197873882197,-0.005481814437222621,-0.021011623132749846,0.16919276961635238,32,0.5079365079365079,-0.0704101208067609,0.0071529265377333565,0.20573689416419372
2023-05-18,2023-08-18,0.06184955673495973,0.17325551320895016,0.1855486702048792,-0.012293156995929033,-0.020050640475755777,0.16558399635605883,31,0.49206349206349204,-0.07157670970083485,0.006809532965655496,0.1389236545682091
2023-05-19,2023-08-21,0.08139431220468873,0.23833546780567816,0.2441829366140662,-0.0058474688083880455,-0.020766936253417967,0.16816798132303062,32,0.5079365079365079,-0.07157670970083485,0.007064034608439009,0.20226843100188918
2023-05-22,2023-08-22,0.07623504324132235,0.22072923736616867,0.22870512972396706,-0.007975892357798386,-0.02074012570405248,0.16820216453368197,31,0.49206349206349204,-0.07157670970083452,0.007054800394130968,0.18459619582164
2023-05-23,2023-08-23,0.10724142068634435,0.3290176452305089,0.32172426205903304,0.007293383171475876,-0.020952471609916423,0.16826981169011082,32,0.5079365079365079,-0.0715767097008343,0.0071427630377557455,0.2903016542328891
2023-05-24,2023-08-24,0.08916025930951377,0.2632310016873267,0.2674807779285413,-0.004249776241214587,-0.02229594718929151,0.17397969554830472,32,0.5079365079365079,-0.0715767097008343,0.00757337267899208,0.22518958127266742
2023-05-25,2023-08-25,0.07152949487813376,0.2046677305029383,0.21458848463440128,-0.009920754131462983,-0.020837241195389766,0.16816561823887466,32,0.5079365079365079,-0.07157670970083463,0.007041369467134279,0.16974169741697342
2023-05-26,2023-08-28,0.05269804822043622,0.14416847589893567,0.15809414466130867,-0.013925668762373,-0.01920436411174553,0.16125887941279113,32,0.5079365079365079,-0.0715767097008343,0.0064452004190371365,0.11177815894797027
2023-05-30,2023-08-29,0.07083261900680005,0.20277028321047208,0.21249785702040014,-0.009727573809928058,-0.020469611864921355,0.16648825500297854,32,0.5079365079365079,-0.07157670970083407,0.006901615064524877,0.16633775021144648
2023-05-31,2023-08-30,0.08296215408488705,0.24411520777505524,0.24888646225466116,-0.004771254479605913,-0.020463193143094194,0.16613453595911676,33,0.5238095238095238,-0.07157670970083452,0.0069003842050176685,0.21035971223021566
2023-06-01,2023-08-31,0.07380472145677697,0.2132595725280173,0.2214141643703309,-0.008154591842313597,-0.020108932014971215,0.16486924182180168,33,0.5238095238095238,-0.07157670970083452,0.006775924973199025,0.17856151069147486
2023-06-02,2023-09-01,0.06468349076554292,0.18279570559121838,0.19405047229662875,-0.011254766705410368,-0.019950120721506814,0.16442459995756453,32,0.5079365079365079,-0.07157670970083496,0.006720798017815614,0.14856056491037473
2023-06-05,2023-09-05,0.06528599605522678,0.18480091583209823,0.19585798816568034,-0.011057072333582108,-0.019953397686752306,0.16442369532884207,32,0.5079365079365079,-0.0715767097008343,0.006721917105683307,0.14905149051490496
2023-06-06,2023-09-06,0.056081614248674416,0.1540794496817346,0.16824484274602325,-0.014165393064288656,-0.020186853787277026,0.16558919921982876,32,0.5079365079365079,-0.07157670970083452,0.006799467497959079,0.11991318502441639
2023-06-07,2023-09-07,0.06662462014792747,0.18987911901533705,0.19987386044378241,-0.009994741428445364,-0.019453866975914336,0.16241362380270485,32,0.5079365079365079,-0.07157670970083452,0.006562788685252119,0.15437392795883387
2023-06-08,2023-09-08,0.055019113691064714,0.15196899230367,0.16505734107319414,-0.013088348769524139,-0.01902078431975307,0.16077417148284973,32,0.5079365079365079,-0.0715767097008354,0.0064106525413071,0.11940298507462677
2023-06-09,2023-09-11,0.06338504936530343,0.17916599388321308,0.19015514809591028,-0.010989154212697194,-0.019374243840359573,0.16214449061436978,32,0.5079365079365079,-0.07157670970083474,0.006534871336499528,0.14363735663571742
2023-06-12,2023-09-12,0.034120225248967184,0.0849437393089818,0.10236067574690155,-0.01741693643791975,-0.018943269180968114,0.16066519636338303,31,0.49206349206349204,-0.07157670970083418,0.006372314399389589,0.053260587165498086
2023-06-13,2023-09-13,0.03014369872818312,0.07261587089477839,0.09043109618454936,-0.017815225289770975,-0.01881525440543297,0.1601552184890564,31,0.49206349206349204,-0.07157670970083485,0.006327780120839209,0.04040660736975776
2023-06-14,2023-09-14,0.031074063951898934,0.07548070167109788,0.0932221918556968,-0.017741490184598918,-0.01885536343671712,0.16032121001854896,31,0.49206349206349204,-0.07157670970083452,0.006341830282842355,0.04254789748693666
2023-06-15,2023-09-15,0.0014854426619126393,-0.014977770562831116,0.004456327985737918,-0.019434098548569034,-0.019354343959496645,0.16244883874145347,30,0.47619047619047616,-0.07157670970083474,0.006493041075924571,-0.04447115384615419
2023-06-16,2023-09-18,0.007419889652923173,0.0027575305664062633,0.02225966895876952,-0.019502138392363255,-0.019236331789320493,0.16193672113266866,30,0.47619047619047616,-0.0715767097008343,0.006453604432971676,-0.023529411764706576
2023-06-20,2023-09-19,0.008094848732624671,0.004784416807273706,0.024284546197874013,-0.019500129390600307,-0.01922654195336282,0.1618924564455178,30,0.47619047619047616,-0.07157670970083496,0.0064503101192271385,-0.02463054187192204
2023-06-21,2023-09-20,0.007294832826747921,0.002324271902920616,0.021884498480243764,-0.019560226577323148,-0.01929491126815397,0.16217112765313105,30,0.47619047619047616,-0.07157670970083463,0.006472257748079943,-0.028314028314028516
2023-06-22,2023-09-21,-0.02269437692874876,-0.0851590759085602,-0.06808313078624628,-0.017075945122313918,-0.019936102929338118,0.16456227973116808,29,0.4603174603174603,-0.07227666303727887,0.006668831105688829,-0.11310413552566079
2023-06-23,2023-09-22,-0.012771004578805756,-0.05672226443278994,-0.03831301373641727,-0.01840925069637267,-0.019639337094404463,0.16340228004271135,30,0.47619047619047616,-0.0722766630372792,0.006570574568751389,-0.08523748395378739
2023-06-26,2023-09-25,0.0053958845895778484,-0.003193300503804064,0.016187653768733545,-0.01938095427253761,-0.01915668010087035,0.16143954728945845,31,0.49206349206349204,-0.0722766630372782,0.006413429930547097,-0.03501737503341407
2023-06-27,2023-09-26,-0.026440920209987895,-0.09479111399097206,-0.07932276062996368,-0.01546835336100838,-0.01901611305060602,0.16045676004122014,30,0.47619047619047616,-0.08173899517809913,0.006343279773079341,-0.12149770759042278
2023-06-28,2023-09-27,-0.026060240302846704,-0.09373337314187635,-0.07818072090854011,-0.01555265223333624,-0.01902102245694992,0.16048175861061673,30,0.47619047619047616,-0.0817389951780988,0.006344962360035461,-0.12151898734177191
2023-06-29,2023-09-28,-0.01594238750996435,-0.06537509422896981,-0.04782716252989305,-0.017547931699076758,-0.01921057648407587,0.16138977181980085,31,0.49206349206349204,-0.08173899517809935,0.006410929743596125,-0.09406066785623302
2023-06-30,2023-09-29,-0.030182448161983677,-0.10475329760402796,-0.09054734448595103,-0.01420595311807693,-0.018539985589369645,0.15825304966381262,31,0.49206349206349204,-0.08173899517809935,0.006173676541795667,-0.13121951219512218
2023-07-03,2023-10-02,-0.024386291825326145,-0.08877692953514327,-0.07315887547597844,-0.015618054059164832,-0.018724343267961574,0.1591337858711553,31,0.49206349206349204,-0.08173899517809902,0.006237780373162373,-0.11652131782945785
2023-07-05,2023-10-03,-0.041482121637678504,-0.13668202518569716,-0.12444636491303551,-0.012235660272661653,-0.01967488291708963,0.16280919099063845,31,0.49206349206349204,-0.08173899517809835,0.006545771164870478,-0.16266666666666674
2023-07-06,2023-10-04,-0.02098187557829434,-0.08042608394507955,-0.06294562673488302,-0.01748045721019653,-0.020026237533842473,0.16462623985794228,32,0.5079365079365079,-0.08173899517809913,0.006672966598411081,-0.10774577954319753
2023-07-07,2023-10-05,-0.020614897335080817,-0.0793850603701649,-0.06184469200524245,-0.017540368364922454,-0.02001926735037174,0.1645999242635117,32,0.5079365079365079,-0.08173899517809946,0.00667062541267213,-0.1081013293202906
2023-07-10,2023-10-06,-0.0045310623430505625,-0.03405868637093479,-0.013593187029151688,-0.0204654993417831,-0.020808573022336074,0.1680876084190945,32,0.5079365079365079,-0.0817389951780989,0.006951262005444225,-0.06390977443609092
2023-07-11,2023-10-09,-0.004372979873428107,-0.03360298672805184,-0.01311893962028432,-0.020484047107767522,-0.020813186997626243,0.16810704037120985,32,0.5079365079365079,-0.08173899517809924,0.006952864346860534,-0.06350382999752902
2023-07-12,2023-10-10,-0.011345957834879572,-0.05341359840323612,-0.034037873504638716,-0.019375724898597402,-0.02044861680331711,0.1665298806127564,32,0.5079365079365079,-0.0817389951780989,0.006824015725390919,-0.08220157255182292
2023-07-13,2023-10-11,-0.020915205063959164,-0.08001169071052794,-0.06274561519187749,-0.017266075518650448,-0.019784895667353197,0.16355742092233697,32,0.5079365079365079,-0.08173899517809935,0.006586651871908203,-0.10712664548343209
2023-07-14,2023-10-12,-0.024111641649299576,-0.08902600504720337,-0.07233492494789873,-0.016691080099304645,-0.019820606612889757,0.1636818020789932,32,0.5079365079365079,-0.08173899517809924,0.006598683173214004,-0.11676510676965035
2023-07-17,2023-10-13,-0.04529416376989637,-0.14726874814819957,-0.1358824913096891,-0.011386256838510467,-0.020051060198363113,0.16428286369255923,31,0.49206349206349204,-0.08173899517809913,0.006669476424699798,-0.17307692307692346
2023-07-18,2023-10-16,-0.04233421475605337,-0.13946403948134856,-0.1270026442681601,-0.012461395213188453,-0.020223296422615,0.16508528312680212,31,0.49206349206349204,-0.08173899517809935,0.006730387896009676,-0.1651554404145078
2023-07-19,2023-10-17,-0.04524828212109411,-0.14732324500113947,-0.13574484636328232,-0.011578398637857146,-0.020254949124384303,0.16516744413430032,31,0.49206349206349204,-0.08152469856087119,0.006741062315537616,-0.1731433506044906
2023-07-20,2023-10-18,-0.035539866227837336,-0.12002352846875086,-0.106619598683512,-0.013403929785238855,-0.01911471748118332,0.16083685764571296,31,0.49206349206349204,-0.0768087989991656,0.00638174659811349,-0.14836312978871613
2023-07-21,2023-10-19,-0.04168996086574517,-0.13695952217490748,-0.1250698825972355,-0.011889639577671973,-0.019352214686829683,0.1617346984457601,31,0.49206349206349204,-0.0768087989991657,0.006460301771454592,-0.16373858046380863
2023-07-24,2023-10-20,-0.05749142811578001,-0.17951552244988755,-0.17247428434734002,-0.007041238102547531,-0.020026248951343084,0.16416707584890405,30,0.47619047619047616,-0.0768087989991656,0.006680294384998275,-0.20461969202053132
2023-07-25,2023-10-23,-0.06101166904271649,-0.18858683762966166,-0.18303500712814946,-0.0055518305015122005,-0.019920144760737446,0.16362488732675212,30,0.47619047619047616,-0.07680879899916604,0.006643461446137931,-0.21340347666971637
2023-07-26,2023-10-24,-0.048712650985378136,-0.15648852197383611,-0.1461379529561344,-0.010350569017701705,-0.020158492081069013,0.16493094804246258,31,0.49206349206349204,-0.07680879899916593,0.006727032343505361,-0.1828056390108621
2023-07-27,2023-10-25,-0.06977855663533528,-0.21279537916750912,-0.20933566990600583,-0.0034597092615032965,-0.022023104245590175,0.17160942502975138,31,0.49206349206349204,-0.08689532944120104,0.007320414580617958,-0.23613053613053603
2023-07-28,2023-10-26,-0.10383853134452903,-0.2962788204448953,-0.3115155940335871,0.015236773588691799,-0.02221848917587521,0.17076010462844438,30,0.47619047619047616,-0.10430567139282743,0.007352199055277642,-0.3175586023883239
2023-07-31,2023-10-27,-0.1000052126772315,-0.2872577514968566,-0.3000156380316945,0.012757886534837892,-0.022284454095696793,0.17119849705120535,30,0.47619047619047616,-0.10430567139282776,0.007374979121060634,-0.30920326638711093
2023-08-01,2023-10-30,-0.08775046370072337,-0.25800663869882756,-0.2632513911021701,0.005244752403342545,-0.022629861881536595,0.17311603776576356,31,0.49206349206349204,-0.1022231510750018,0.007496504015650967,-0.2813612099644127
2023-08-02,2023-10-31,-0.06282219076364215,-0.19432141347670673,-0.18846657229092645,-0.00585484118578028,-0.02119578484662732,0.16841179301671938,32,0.5079365079365079,-0.09101489142222363,0.007037829395649747,-0.21989528795811508
2023-08-03,2023-11-01,-0.04502528157521635,-0.14827432796160211,-0.13507584472564904,-0.013198483235953073,-0.022033193844032017,0.17234694374885523,33,0.5238095238095238,-0.09101489142222374,0.007336521490552216,-0.17377756471716166
2023-08-04,2023-11-02,-0.02311579400064523,-0.0890955023601614,-0.06934738200193569,-0.019748120358225707,-0.02288972072136286,0.1761961213941425,34,0.5396825396825397,-0.09101489142222374,0.007644144591090559,-0.11764705882352977
2023-08-07,2023-11-03,-0.01993656547349343,-0.08034887033358051,-0.059809696420480285,-0.020539173913100228,-0.0230765155362469,0.17698116650501408,34,0.5396825396825397,-0.09101489142222363,0.007710492699213956,-0.10863377609108138
2023-08-08,2023-11-06,-0.007500000000000062,-0.04472807326247141,-0.022500000000000187,-0.022228073262471226,-0.02290797476320383,0.17638694400783855,35,0.5555555555555556,-0.09101489142222363,0.007654843295703165,-0.07473222979552097
2023-08-09,2023-11-07,0.013019488461851969,0.015868660923916922,0.03905846538555591,-0.023189804461638985,-0.022798417598614007,0.17597434824293778,36,0.5714285714285714,-0.09101489142222363,0.007623313477517801,-0.01586502140518742
2023-08-10,2023-11-08,0.011801730920534714,0.012218581104789017,0.03540519276160414,-0.023186611656815126,-0.02278966551676076,0.17594681496421474,36,0.5714285714285714,-0.09101489142222385,0.0076203120165726996,-0.01855101529205372
2023-08-11,2023-11-09,0.01045762341633849,0.008132155757663684,0.03137287024901547,-0.023240714491351788,-0.022845687557488614,0.17616841356387933,36,0.5714285714285714,-0.09101489142222363,0.007638885513013484,-0.022256331542594432
2023-08-14,2023-11-10,0.02170919400566973,0.04107794534360254,0.06512758201700919,-0.02404963667340665,-0.023884201539981498,0.1804134056814458,36,0.5714285714285714,-0.09101489142222352,0.008018399680387827,0.009408269373606837
2023-08-15,2023-11-13,0.029447082582827466,0.0652501911810821,0.0883412477484824,-0.023091056567400292,-0.02357354106308618,0.1791718979526598,36,0.5714285714285714,-0.09101489142222408,0.007915518863460463,0.03192848020434225
2023-08-16,2023-11-14,0.06286202901748661,0.17125032625145775,0.18858608705245983,-0.017335760801002076,-0.02451847470224533,0.18255701524578333,37,0.5873015873015873,-0.09101489142222385,0.008266782117501358,0.13447820343461037
2023-08-17,2023-11-15,0.07540855597077334,0.21366512843557506,0.22622566791232002,-0.012560539476744959,-0.024160459423621883,0.18093523737451894,38,0.6031746031746031,-0.09101489142222352,0.00814803806926936,0.17746786983866558
2023-08-18,2023-11-16,0.07768128891743253,0.22137927396983814,0.2330438667522976,-0.01166459278245946,-0.024157972432575114,0.18086718526176226,39,0.6190476190476191,-0.09101489142222297,0.008147195502858365,0.1848901098901099
2023-08-21,2023-11-17,0.06084089035449236,0.16588152881231366,0.18252267106347708,-0.01664114225116342,-0.023429350230784296,0.17833521432491437,39,0.6190476190476191,-0.09101489142222352,0.007887670482840276,0.1310272536687629
2023-08-22,2023-11-20,0.07529308162254389,0.21366787954796518,0.22587924486763167,-0.01221136531966649,-0.023843830455459236,0.17965268863193565,40,0.6349206349206349,-0.09101489142222385,0.008033856835907514,0.17662542774414325
2023-08-23,2023-11-21,0.05245048901411464,0.13865066804545223,0.15735146704234393,-0.0187007989968917,-0.023245360971906326,0.17772138685659947,39,0.6190476190476191,-0.09101489142222352,0.007818957728174716,0.10331825037707332
2023-08-24,2023-11-22,0.07984054039089705,0.2316119482541492,0.23952162117269116,-0.007909672918541943,-0.02187353639518519,0.17196835239291794,40,0.6349206349206349,-0.09101489142222363,0.007378787883669245,0.19483315392895584
2023-08-25,2023-11-24,0.07002362507554505,0.19853081738958944,0.21007087522663515,-0.011540057837045703,-0.021706640521014897,0.17154218993149617,39,0.6190476190476191,-0.09101489142222385,0.007320690206705983,0.1614090431125128
2023-08-28,2023-11-27,0.061102628421855876,0.1689949727798179,0.18330788526556763,-0.01431291248574973,-0.021545865837997447,0.1710915191071269,38,0.6031746031746031,-0.09101489142222374,0.00726479552994044,0.13268192337361873
2023-08-29,2023-11-28,0.04114523574458895,0.1057389784036653,0.12343570723376684,-0.017696728830101538,-0.02024233286749555,0.16581249125188932,38,0.6031746031746031,-0.09101489142222408,0.006794683948000621,0.07324147933285019
2023-08-30,2023-11-29,0.03436289338215759,0.08436665478795646,0.10308868014647277,-0.018722025358516303,-0.0201550532569299,0.16554581212447161,37,0.5873015873015873,-0.09101489142222363,0.006764532216752426,0.051830718021873334
2023-08-31,2023-11-30,0.028678007354691726,0.066593794517392,0.08603402206407518,-0.019440227546683175,-0.02014753877015074,0.16558695661037293,36,0.5714285714285714,-0.09101489142222352,0.006761861872373359,0.033694627709708325
2023-09-01,2023-12-01,0.03270743398924769,0.0791542451564533,0.09812230196774308,-0.01896805681128977,-0.02016801195141882,0.16562198099683173,37,0.5873015873015873,-0.09101489142222352,0.006768891438503715,0.0461101915346418
2023-09-05,2023-12-04,0.02182135583357514,0.04511361785473911,0.06546406750072542,-0.020350449645986313,-0.02042299592328256,0.16678015492403528,36,0.5714285714285714,-0.09101489142222341,0.006853458429751063,0.013679245283018782
2023-09-06,2023-12-05,0.03348988632118277,0.081564981821038,0.10046965896354831,-0.018904677142510318,-0.020207920114650668,0.16577431544815674,37,0.5873015873015873,-0.08908739099318785,0.0067821839328912805,0.04869186046511631
2023-09-07,2023-12-06,0.034913723592968626,0.08610053298360354,0.10474117077890588,-0.01864063779530234,-0.020154530711897767,0.16553753062340318,37,0.5873015873015873,-0.08908739099318808,0.0067644902973606775,0.05299653293709694
2023-09-08,2023-12-07,0.04790917386869942,0.12690125886538128,0.14372752160609825,-0.01682626274071697,-0.020701843654090335,0.16768078765619007,37,0.5873015873015873,-0.08908739099318796,0.00695775963584341,0.09382716049382656
2023-09-11,2023-12-08,0.040321510995570575,0.10297954134159104,0.12096453298671173,-0.017984991645120685,-0.02036403419598043,0.16636511764350434,37,0.5873015873015873,-0.08908739099318752,0.006838789017340371,0.07043935052530959
2023-09-12,2023-12-11,0.06097266557579295,0.17017123737980477,0.18291799672737885,-0.012746759347574077,-0.020201356652401747,0.16534974582033468,38,0.6031746031746031,-0.08908739099318774,0.006788805475729483,0.13394178589047856
2023-09-13,2023-12-12,0.06536436760108044,0.18459291516901355,0.19609310280324133,-0.011500187634227776,-0.02034168423040994,0.16584542457315618,38,0.6031746031746031,-0.08908739099318774,0.006837724584430453,0.1499755740107469
2023-09-14,2023-12-13,0.07016195297797356,0.20034095199253432,0.2104858589339207,-0.010144906941386367,-0.02060901241605495,0.16688274139595455,38,0.6031746031746031,-0.08908739099318796,0.0069325868851487895,0.16324582338902194
2023-09-15,2023-12-14,0.08786170815242267,0.26204952511646495,0.263585124457268,-0.001535599340803051,-0.01970829645164862,0.16277174693278898,38,0.6031746031746031,-0.07424168956414012,0.006640140736708506,0.224150943396227
2023-09-18,2023-12-15,0.09356283386391828,0.281907558006514,0.28068850159175485,0.0012190564147591676,-0.019775658783200423,0.16287424053436175,39,0.6190476190476191,-0.0742416895641399,0.006663344961750691,0.23594377510040165
2023-09-19,2023-12-18,0.10060291453754089,0.30677156031116937,0.30180874361262267,0.0049628166985467015,-0.019815797911071575,0.16280322973274436,40,0.6349206349206349,-0.07424168956413968,0.00667722958949284,0.26944444444444415
2023-09-20,2023-12-19,0.12240083392769008,0.38675396980398813,0.36720250178307023,0.019551468020917895,-0.019256415915167246,0.15966382203991686,41,0.6507936507936508,-0.07424168956414012,0.006495675597170217,0.3515231788079467
2023-09-21,2023-12-20,0.12636226457273758,0.4020067383492414,0.37908679371821274,0.022919944631028644,-0.018894243075967987,0.15802332395542382,41,0.6507936507936508,-0.07424168956413968,0.00638070068501184,0.36348314606741505
2023-09-22,2023-12-21,0.13930876477326692,0.45033757585326883,0.4179262943198008,0.03241128153346806,-0.01928056094859376,0.15915966786254407,41,0.6507936507936508,-0.07424168956414001,0.006516063867998982,0.4075217513331464
2023-09-25,2023-12-22,0.13561914296043054,0.43637890908636257,0.4068574288812916,0.02952148020507095,-0.01922157141606684,0.15907431809532505,41,0.6507936507936508,-0.07424168956414012,0.006495741132815577,0.39473684210526283
2023-09-26,2023-12-26,0.1599898365376473,0.5317624276989785,0.47996950961294194,0.05179291808603659,-0.0186388519806987,0.15542171350096853,42,0.6666666666666666,-0.0742416895641399,0.006307728654599879,0.4865178312554359
2023-09-27,2023-12-27,0.15902433528616533,0.5279554047058121,0.477073005858496,0.05088239884731616,-0.018629463693891624,0.15543203273055844,42,0.6666666666666666,-0.07424168956413968,0.006304514817581735,0.4853025936599431
2023-09-28,2023-12-28,0.14885059076562124,0.4883756005884945,0.4465517722968637,0.04182382829163078,-0.018428621959479696,0.15505721943389614,41,0.6507936507936508,-0.07424168956414012,0.00623477355472143,0.44653911086100173
2023-09-29,2023-12-29,0.14304853881151103,0.4658580072491427,0.4291456164345331,0.03671239081460964,-0.018482866211865012,0.1555879017792972,40,0.6349206349206349,-0.07424168956413979,0.0062529754798103096,0.423357664233577
2023-10-02,2024-01-02,0.11440513757404691,0.35745459044144057,0.34321541272214073,0.014239177719299834,-0.019164911973586274,0.15966627697394814,39,0.6190476190476191,-0.0742416895641399,0.006469687980659749,0.3197148341102276
2023-10-03,2024-01-03,0.12230925278936144,0.3874087009317022,0.36692775836808433,0.020480942563617877,-0.0185531545146993,0.15682202265674755,39,0.6190476190476191,-0.07424168956414001,0.00627366428201441,0.34887087434858155
2023-10-04,2024-01-04,0.1015427380125089,0.3124073829146976,0.3046282140375267,0.0077791688771708944,-0.01810599213418418,0.15560267960575452,38,0.6031746031746031,-0.0742416895641399,0.0061149538754272795,0.27462437395659367
2023-10-05,2024-01-05,0.10610833867685221,0.32882314157455883,0.31832501603055663,0.010498125544002201,-0.018084346184957578,0.15533294744147327,39,0.6190476190476191,-0.07424168956414001,0.006107678735812511,0.2930258717660288
2023-10-06,2024-01-08,0.11036468330134341,0.3436737634864444,0.33109404990403024,0.012579713582414165,-0.018485053840450072,0.15706689228214923,39,0.6190476190476191,-0.07424168956414001,0.006254097988494809,0.3052208835341368
2023-10-09,2024-01-09,0.10691292012221743,0.33126852092672965,0.3207387603666523,0.010529760560077372,-0.01842092225814118,0.15691712992435225,39,0.6190476190476191,-0.0742416895641399,0.00623198995727008,0.29472295514511826
2023-10-10,2024-01-10,0.10827748989392028,0.33613832658812415,0.3248324696817608,0.01130585690636332,-0.018464787516928816,0.15706111063844036,39,0.6190476190476191,-0.07424168956414023,0.006247256281268316,0.2990654205607477
2023-10-11,2024-01-11,0.10271537093906535,0.31630233601044266,0.30814611281719606,0.008156223193246603,-0.018330343626569157,0.15667256143824518,39,0.6190476190476191,-0.07424168956414012,0.006200673443332186,0.27808845958312145
2023-10-12,2024-01-12,0.1071283756386352,0.3322166300003859,0.3213851269159056,0.010831503084480332,-0.01829522122452032,0.15635007553166505,40,0.6349206349206349,-0.07101343497418444,0.006188860799397037,0.2947530864197534
2023-10-13,2024-01-16,0.12111257117827501,0.3840173632072592,0.363337713534825,0.020679649672434186,-0.017813701535274062,0.1537022737986413,40,0.6349206349206349,-0.06970574700197629,0.006030866803972105,0.34482758620689635
2023-10-16,2024-01-17,0.10232532957959983,0.3159603711218564,0.3069759887387995,0.008984382383056877,-0.017543228205845196,0.1532062991710206,39,0.6190476190476191,-0.06970574700197629,0.005934850296161919,0.27851047323506584
2023-10-17,2024-01-18,0.12164584464964756,0.3856128869662201,0.3649375339489427,0.02067535301727741,-0.018083272358652813,0.15492413201975103,40,0.6349206349206349,-0.06664856056491042,0.006125595346114549,0.34621409921670954
2023-10-18,2024-01-19,0.15909403638165087,0.5281867769852548,0.4772821091449526,0.05090466784030223,-0.01865791632275704,0.1559789229904881,41,0.6507936507936508,-0.05424223243525894,0.006346784924414313,0.48691384950926864
2023-10-19,2024-01-22,0.17156985304330985,0.5784824365247805,0.5147095591299296,0.06377287739485094,-0.0183985518881421,0.1541612470739947,42,0.6666666666666666,-0.045309331333166836,0.006260939466818821,0.533893557422968
2023-10-20,2024-01-23,0.1942470389170905,0.6730057751991139,0.5827411167512715,0.09026465844784237,-0.01776609596061751,0.15003476599191978,43,0.6825396825396826,-0.043076323336953104,0.006055614400718215,0.6254033440891742
2023-10-23,2024-01-24,0.1972615064526111,0.6855987952177276,0.5917845193578333,0.09381427585989432,-0.017828894576695564,0.15013059814602778,43,0.6825396825396826,-0.043076323336953215,0.006077303458246353,0.6376853736551318
2023-10-24,2024-01-25,0.18717456074402006,0.6438006120341453,0.5615236822320602,0.08227692980208512,-0.01756145686233823,0.14952218174740917,43,0.6825396825396826,-0.043076323336953215,0.005984158357708513,0.5972850678733015
2023-10-25,2024-01-26,0.20971056687789025,0.7423584965206622,0.6291317006336707,0.11322679588699147,-0.015777940347666997,0.1400964278576805,43,0.6825396825396826,-0.0369866342648848,0.005420585123281638,0.6917912725053379
2023-10-26,2024-01-29,0.24585345981493423,0.9048462451601447,0.7375603794448027,0.16728586571534199,-0.014948269329112307,0.13337915257633762,44,0.6984126984126984,-0.036986634264884466,0.005161893886486522,0.8493195074530127
2023-10-27,2024-01-30,0.231646925950596,0.8402998988407364,0.694940777851788,0.14535912098894843,-0.015014311183373596,0.13489517216030705,43,0.6825396825396826,-0.036986634264884466,0.005183151416532127,0.786900958466453
2023-10-30,2024-01-31,0.19407216494845336,0.6755404970486931,0.5822164948453601,0.09332400220333303,-0.015845675482039856,0.14148629269900742,42,0.6666666666666666,-0.036986634264884466,0.005439864016043243,0.6292169606932831
2023-10-31,2024-02-01,0.20238264884430168,0.7101948137681002,0.607147946532905,0.10304686723519518,-0.016175839468502762,0.1425600179031165,42,0.6666666666666666,-0.03698663426488458,0.00555565374448507,0.6625991458206208
2023-11-01,2024-02-02,0.2018433437920215,0.7079695214268882,0.6055300313760645,0.10243949005082365,-0.016132694716031182,0.1423756385052577,42,0.6666666666666666,-0.03698663426488491,0.005540021567781285,0.6605744125326367
2023-11-02,2024-02-05,0.17887409200968496,0.6134147463046045,0.5366222760290549,0.07679247027554958,-0.015209723381996998,0.13922080020830063,41,0.6507936507936508,-0.0369866342648848,0.005212183355758865,0.5688705234159777
2023-11-03,2024-02-06,0.16284572081259752,0.5490988720906407,0.48853716243779255,0.06056170965284813,-0.01482622940101852,0.138283200004428,40,0.6349206349206349,-0.03698663426488458,0.005078177005472475,0.5066524747205954
2023-11-06,2024-02-07,0.17003873134530534,0.5776139398561277,0.510116194035916,0.06749774582021173,-0.015082123092856836,0.13913867895149143,40,0.6349206349206349,-0.03698663426488458,0.005167425163868557,0.5340699815837933
2023-11-07,2024-02-08,0.161228870405151,0.5426329192176216,0.483686611215453,0.0589463080021686,-0.014834667737267937,0.13843100995254184,40,0.6349206349206349,-0.03698663426488469,0.005081502746771908,0.4982088024564988
2023-11-08,2024-02-09,0.17190432777390474,0.5851236213197715,0.5157129833217142,0.06941063799805725,-0.015112413674078007,0.13917387584513982,40,0.6349206349206349,-0.03698663426488458,0.005177974909457134,0.5394636015325662
2023-11-09,2024-02-12,0.17637203772259347,0.6035383850488603,0.5291161131677804,0.07442227188107986,-0.014979470607764722,0.13824350260577425,40,0.6349206349206349,-0.03698663426488469,0.005134060934923241,0.5583464154892721
2023-11-10,2024-02-13,0.13256164274954396,0.4319283568850705,0.3976849282486319,0.03424342863643859,-0.01432045823128969,0.136977102420212,39,0.6190476190476191,-0.03698663426488469,0.004871876683905315,0.3917095903850858
2023-11-13,2024-02-14,0.1484849288194907,0.49270533114473003,0.44545478645847214,0.04725054468625789,-0.014632616899977302,0.137708648354493,40,0.6349206349206349,-0.03698663426488458,0.0049809010126149866,0.4490099009900981
2023-11-14,2024-02-15,0.12763086185866723,0.41468058511712247,0.3828925855760017,0.03178799954112077,-0.013362693266609882,0.1320278381728868,40,0.6349206349206349,-0.03698663426488458,0.004526378781641848,0.3747088961341398
2023-11-15,2024-02-16,0.11656553083346233,0.37309676475196607,0.349696592500387,0.023400172251579088,-0.013610379518593119,0.13383605449659397,39,0.6190476190476191,-0.0369866342648848,0.004608035291590509,0.3332559219693445
2023-11-16,2024-02-20,0.10719005052467856,0.33856731402702334,0.3215701515740357,0.016997162452987657,-0.013780256567132443,0.1351228411537457,38,0.6031746031746031,-0.03698663426488469,0.004664277283201226,0.30025504289357663
2023-11-17,2024-02-21,0.10250233136462428,0.3215732038739809,0.30750699409387283,0.014066209780108085,-0.013827983626741092,0.1355684460629998,37,0.5873015873015873,-0.03698663426488491,0.004680236387437728,0.28313253012048056
2023-11-20,2024-02-22,0.12112913958130722,0.38698367993660243,0.36338741874392166,0.023596261192680767,-0.015752253350810874,0.14498459486254578,37,0.5873015873015873,-0.03698663426488469,0.0053890704864976045,0.34608501118568125
2023-11-21,2024-02-23,0.12435966741318527,0.3991152186580127,0.3730790022395558,0.02603621641845688,-0.015676835955098167,0.14448119359231432,37,0.5873015873015873,-0.03698663426488458,0.005363991779477202,0.3583959899749365
2023-11-22,2024-02-26,0.11918679177562375,0.3799605235536485,0.35756037532687124,0.022400148226777272,-0.015628719778365663,0.14449198427222537,36,0.5714285714285714,-0.03698663426488469,0.005347516580376085,0.34099099099098895
2023-11-24,2024-02-27,0.12346281225129041,0.3958223548570723,0.37038843675387123,0.02543391810320106,-0.015639801259828667,0.14434570943860486,37,0.5873015873015873,-0.03698663426488458,0.005351313465608452,0.3560434585785408
2023-11-27,2024-02-28,0.11845722948839876,0.3771324599484127,0.3553716884651963,0.021760771483216423,-0.015722467459269418,0.14496529663606253,37,0.5873015873015873,-0.03698663426488458,0.005378901796942993,0.33802497162315426
2023-11-28,2024-02-29,0.1250929034572894,0.40151606724321165,0.3752787103718682,0.02623735687134343,-0.015914291330831554,0.14558581193406042,37,0.5873015873015873,-0.0369866342648848,0.005445466860746018,0.3594594594594571
2023-11-29,2024-03-01,0.14314666119391473,0.4691159771477946,0.4294399835817442,0.03967599356605045,-0.01655466367898517,0.14780682663023295,38,0.6031746031746031,-0.0369866342648848,0.005671230080968105,0.42698915009041527
2023-11-30,2024-03-04,0.14193863642208715,0.46443489851725617,0.42581590926626145,0.03861898925099472,-0.016573813499259682,0.1479575105848161,38,0.6031746031746031,-0.03698663426488469,0.005677641298406732,0.42192842489172433
2023-12-01,2024-03-05,0.11824896137867347,0.37381112241932124,0.3547468841360204,0.01906423828330084,-0.017547600494910998,0.15330949937923916,37,0.5873015873015873,-0.0369866342648848,0.0059916815281725495,0.3345388788426755
2023-12-04,2024-03-06,0.1358200455580869,0.43980819304189445,0.40746013667426073,0.032348056367633715,-0.01740159845698086,0.15188111282254302,38,0.6031746031746031,-0.03698663426488458,0.0059449832092132735,0.3990228013029309
2023-12-05,2024-03-07,0.1501717059567773,0.49411427773206373,0.45051511787033194,0.043599159861731795,-0.018035524915610113,0.15412741752914727,38,0.6031746031746031,-0.036986634264884466,0.006169053555387945,0.45091245091244936
2023-12-06,2024-03-08,0.1401636151149197,0.45465253989869736,0.4204908453447591,0.03416169455393825,-0.018573599178197897,0.15691071686567742,38,0.6031746031746031,-0.0369866342648848,0.006343966088621417,0.412511759172153
2023-12-07,2024-03-11,0.12027764259918494,0.3805806777423195,0.3608329277975548,0.019747749944764692,-0.018060378403023436,0.1554666310450782,37,0.5873015873015873,-0.03698663426488469,0.006162528391709594,0.33995485327313557
2023-12-08,2024-03-12,0.1312951016140953,0.42095470003005553,0.3938853048422859,0.02706939518776963,-0.01858540373178652,0.15738297210249183,37,0.5873015873015873,-0.03698663426488458,0.006348160053186938,0.38032567477135815
2023-12-11,2024-03-13,0.11309162621359192,0.3535042767284573,0.33927487864077577,0.014229398087681533,-0.018552923559101542,0.15799011265673374,36,0.5714285714285714,-0.03698663426488458,0.00633426624508615,0.3147705025016305
2023-12-12,2024-03-14,0.10151252915945497,0.31192131967237025,0.3045375874783649,0.0073837321940053435,-0.018388889149620113,0.15770555170335884,35,0.5555555555555556,-0.036986634264884355,0.006277194705970215,0.27336448598130825
2023-12-13,2024-03-15,0.07475107742606668,0.21864388140405144,0.22425323227820004,-0.0056093508741486,-0.018357970124580514,0.15832186111657737,34,0.5396825396825397,-0.03698663426488469,0.006256763042324702,0.18506360279031497
2023-12-14,2024-03-18,0.08450878802151762,0.2518939383971992,0.25352636406455287,-0.0016324256673536652,-0.018549704866241412,0.15888047282668438,35,0.5555555555555556,-0.03698663426488458,0.006323321701975805,0.22050965885737694
2023-12-15,2024-03-19,0.08198055953027161,0.24322205511068362,0.24594167859081484,-0.002719623480131217,-0.01849993420465601,0.15873996550959082,35,0.5555555555555556,-0.0369866342648848,0.006306161624519118,0.21445978878960048
2023-12-18,2024-03-20,0.09012970423503974,0.27107465009148046,0.27038911270511923,0.0006855373863612346,-0.0188474508474471,0.16003504477105654,35,0.5555555555555556,-0.0369866342648848,0.006428316132911165,0.22737219017306431
2023-12-19,2024-03-21,0.08972040277642002,0.26965734228229743,0.26916120832926005,0.000496133953037381,-0.018836730465499496,0.16000146416328376,35,0.5555555555555556,-0.03698663426488458,0.0064246020594242535,0.2250098000784
2023-12-20,2024-03-22,0.10742284410042569,0.3334585976843336,0.32226853230127706,0.011190065383056558,-0.018163660642678714,0.15654947769591762,36,0.5714285714285714,-0.03698663426488458,0.006205099351134446,0.2902760609806332
2023-12-21,2024-03-25,0.09071290188096248,0.2744540773646391,0.27213870564288745,0.002315371721751669,-0.017816034228748223,0.15557323767681522,35,0.5555555555555556,-0.036986634264884466,0.006082887701930175,0.23609172482552299
2023-12-22,2024-03-26,0.0855575689308965,0.25643650682196384,0.2566727067926895,-0.00023619997072565901,-0.017840622866606926,0.1558524437612036,34,0.5396825396825397,-0.0369866342648848,0.006091132570707513,0.21966236345580792
2023-12-26,2024-03-27,0.08262753115264765,0.2463850472932212,0.24788259345794295,-0.0014975461647217525,-0.017765850480488177,0.15560903333602374,34,0.5396825396825397,-0.03698663426488458,0.006065258391858493,0.20830895260386062
2023-12-27,2024-03-28,0.07900364520048608,0.23390655201204358,0.23701093560145825,-0.003104383589414672,-0.017769230594660512,0.1557358380964044,33,0.5238095238095238,-0.03698663426488458,0.006066379569175664,0.19441210710127876
2023-12-28,2024-04-01,0.08181376124483397,0.24355655473724913,0.2454412837345019,-0.0018847289972527825,-0.017781666386280648,0.15570458077694516,34,0.5396825396825397,-0.036518356430829124,0.006070625330186152,0.2048239642092975
2023-12-29,2024-04-02,0.07713908966594896,0.22729443061436516,0.23141726899784687,-0.004122838383481708,-0.017950445636127466,0.15657157117452924,34,0.5396825396825397,-0.032330533307286524,0.006126376046846662,0.18895463510847965
2024-01-02,2024-04-03,0.09813954643682199,0.30163774125613396,0.29441863931046597,0.007219101945667994,-0.01708143627730352,0.1521715664528338,35,0.5555555555555556,-0.02623370211620002,0.005845050540626028,0.26075212964886774
2024-01-03,2024-04-04,0.09291291140511548,0.2826459437661646,0.27873873421534645,0.003907209550818136,-0.017460266345415087,0.15397601653414814,35,0.5555555555555556,-0.026233702116200464,0.0059668869471125145,0.2410388495385265
2024-01-04,2024-04-05,0.11151206217825838,0.34881460035469436,0.3345361865347751,0.014278413819919233,-0.01777786223236033,0.1547458749407487,36,0.5714285714285714,-0.02623370211620013,0.006079260758372077,0.3067015935385278
2024-01-05,2024-04-08,0.11052299936987997,0.3452224420364012,0.3315689981096399,0.013653443926761266,-0.017773986790990515,0.15476876992187694,36,0.5714285714285714,-0.02623370211620013,0.006077941198218417,0.3027403218790765
2024-01-08,2024-04-09,0.09206074824052402,0.28074157620906437,0.27618224472157205,0.004559331487492324,-0.01662057989786514,0.14996786897736936,36,0.5714285714285714,-0.02623370211620013,0.00566446430090993,0.24143589743589655
2024-01-09,2024-04-10,0.08039433148490427,0.23985655196884803,0.2411829944547128,-0.001326442485864776,-0.016839208214418644,0.15133505759848986,35,0.5555555555555556,-0.02623370211620024,0.005736748025523881,0.20093743631546812
2024-01-10,2024-04-11,0.09025703794369577,0.27336067281510146,0.2707711138310873,0.0025895589840141398,-0.017427203337287756,0.15379026296128726,35,0.5555555555555556,-0.02623370211620002,0.005945797418317978,0.23301358912869596
2024-01-11,2024-04-12,0.07064858922682182,0.2049400272602495,0.21194576768046547,-0.007005740420215956,-0.0181964810423223,0.15765053769178275,34,0.5396825396825397,-0.026233702116199797,0.006195608784421342,0.1678599840891013
2024-01-12,2024-04-15,0.05249536087508466,0.14371225316403557,0.157486082625254,-0.013773829461218412,-0.019028922154825878,0.1615247581333319,33,0.5238095238095238,-0.0343205340741074,0.0064659825264918175,0.10786650774731754
2024-01-16,2024-04-16,0.05269583903105901,0.14436594000934755,0.15808751709317703,-0.013721577083829484,-0.019028919410848277,0.1615206016683085,34,0.5396825396825397,-0.03432053407410762,0.006465981598706185,0.10872589942357425
2024-01-17,2024-04-17,0.045750349942289104,0.12145507130394351,0.1372510498268673,-0.015795978522923804,-0.019386600236875107,0.16311989814756653,34,0.5396825396825397,-0.04601460638917543,0.006583036365951088,0.08636731391585695
2024-01-18,2024-04-18,0.025230635124336764,0.05723701941708281,0.0756919053730103,-0.01845488595592748,-0.01891273856687936,0.1613050189916154,33,0.5238095238095238,-0.05145839867377566,0.006414125101759745,0.02307990690457684
2024-01-19,2024-04-19,-0.015504060021844013,-0.06406461105697692,-0.04651218006553204,-0.01755243099144488,-0.01914664835544888,0.16186947833371237,32,0.5079365079365079,-0.07108293382319986,0.006448898602829912,-0.09277594426109359
2024-01-22,2024-04-22,-0.006900149384678866,-0.03958988790934326,-0.0207004481540366,-0.01888943975530666,-0.019431417330876832,0.16314083689890524,32,0.5079365079365079,-0.07108293382319986,0.006548330043653361,-0.07012417823228645
2024-01-23,2024-04-23,0.00375460470388278,-0.008931178831748876,0.01126381411164834,-0.020194992943397216,-0.02001108850908173,0.16567338617734292,32,0.5079365079365079,-0.07108293382319952,0.006753803380806158,-0.040064970221981855
2024-01-24,2024-04-24,0.0015968813845892438,-0.015252765670603963,0.004790644153767731,-0.020043409824371694,-0.01995531244483084,0.16544134225507284,32,0.5079365079365079,-0.07108293382320008,0.006734485468282999,-0.04634232954545481
2024-01-25,2024-04-25,-0.0044564325085024725,-0.033063760046246005,-0.013369297525507418,-0.019694462520738587,-0.020020421326076288,0.16571392127235304,31,0.49206349206349204,-0.07108293382319975,0.006756322193488813,-0.0642705382436265
2024-01-26,2024-04-26,0.016965149477359276,0.03011156495154399,0.05089544843207783,-0.020783883480533838,-0.020586576211932717,0.16810192587063388,32,0.5079365079365079,-0.07108293382320063,0.006958968282672308,-0.0028860028860031584
2024-01-29,2024-04-29,0.010743898166530652,0.011582193632363014,0.032231694499591956,-0.020649500867228943,-0.020334551101929832,0.16707111191818946,32,0.5079365079365079,-0.07108293382319986,0.006870587951323794,-0.0198002453127748
2024-01-30,2024-04-30,-0.0016694098283576153,-0.026194916902604892,-0.005008229485072846,-0.021186687417532046,-0.021301548597678965,0.17085209391044343,32,0.5079365079365079,-0.0710829338232003,0.00718183283955008,-0.05721437511174676
2024-01-31,2024-05-01,0.010912056023214989,0.012154478974291782,0.032736168069644966,-0.020581689095353184,-0.020269397959236768,0.16682566249199396,32,0.5079365079365079,-0.07108293382319997,0.0068504948079111845,-0.01975683890577573
2024-02-01,2024-05-02,0.011899118232672201,0.01505186321530294,0.0356973546980166,-0.020645491482713663,-0.0203372832267269,0.16711508323634963,32,0.5079365079365079,-0.07108293382319997,0.006874736776996293,-0.018165137614679527
2024-02-02,2024-05-03,0.015081233537679983,0.024319889527927963,0.04524370061303995,-0.020923811085111987,-0.020660639961414096,0.16852713202115294,32,0.5079365079365079,-0.07108293382319986,0.006993053537106857,-0.009433962264150941
2024-02-05,2024-05-06,0.027541136655385268,0.06213866749133423,0.0826234099661558,-0.02048474247482157,-0.02099802634403025,0.16983293357471546,33,0.5238095238095238,-0.07108293382320008,0.007111327292443143,0.02827041264266872
2024-02-06,2024-05-07,0.029771510091441966,0.06908301320069499,0.0893145302743259,-0.02023151707363091,-0.0209862036632239,0.16975883824240268,34,0.5396825396825397,-0.07108293382319986,0.007107323579739515,0.034263511126810364
2024-02-07,2024-05-08,0.018680987985832287,0.035230901637701706,0.05604296395749686,-0.020812062319795155,-0.020684508145686564,0.16860493540148155,33,0.5238095238095238,-0.07108293382320019,0.007001783385825873,0.002400960384152828
2024-02-08,2024-05-09,0.019016151020125882,0.03624896261988164,0.057048453060377646,-0.020799490440496005,-0.02068838281925678,0.1686181639006466,33,0.5238095238095238,-0.07108293382319997,0.007003112904344748,0.0037574722459434717
2024-02-09,2024-05-10,0.01146321931129135,0.013647578505834534,0.03438965793387405,-0.020742079428039517,-0.02042723288049586,0.16756743442228994,33,0.5238095238095238,-0.07108293382320008,0.006911787034949496,-0.018251202920192444
2024-02-12,2024-05-13,0.017779207056553226,0.03278681832685382,0.05333762116965968,-0.02055080284280586,-0.020397321435318583,0.16740325576256562,34,0.5396825396825397,-0.07108293382319997,0.006901802627214357,6.661338147750939e-16
2024-02-13,2024-05-14,0.0405553611013878,0.10439185261187367,0.1216660833041634,-0.017274230692289727,-0.01977083342860697,0.16465739389414819,35,0.5555555555555556,-0.07108293382320008,0.006699909874919515,0.06926330630948119
2024-02-14,2024-05-15,0.04542726559253962,0.11957683746566872,0.13628179677761887,-0.01670495931195015,-0.0201210301778032,0.16611626831032383,35,0.5555555555555556,-0.07108293382320008,0.006825465554404054,0.0842159207379567
2024-02-15,2024-05-16,0.040206209293226935,0.10290173087696908,0.1206186278796808,-0.01771689700271173,-0.020107366801562,0.16614645155946814,34,0.5396825396825397,-0.07108293382319997,0.006820725243074726,0.06860918177198028
2024-02-16,2024-05-17,0.04921383282625391,0.1320874670047676,0.14764149847876173,-0.015554031473994145,-0.019860347382281707,0.16498256352303922,34,0.5396825396825397,-0.07108293382319986,0.006738739246696122,0.09632468211113054
2024-02-20,2024-05-20,0.06456519704202957,0.18254674740876164,0.1936955911260887,-0.01114884371732705,-0.01982972953311557,0.16454595294882776,35,0.5555555555555556,-0.07108293382319975,0.006730383869861056,0.14550641940085618
2024-02-21,2024-05-21,0.07093348370574026,0.2039408362175712,0.2128004511172208,-0.008859614899649593,-0.019793330330870607,0.16423419036997663,36,0.5714285714285714,-0.07108293382319997,0.0067181980096946885,0.1659443842542434
2024-02-22,2024-05-22,0.0402675371515977,0.1060837727695525,0.1208026114547931,-0.014718838685240598,-0.017454020489500954,0.15397014720993463,35,0.5555555555555556,-0.07108293382319941,0.005861174607937692,0.07246135948147003
2024-02-23,2024-05-23,0.03864645817116186,0.10088212034676891,0.11593937451348557,-0.01505725416671666,-0.017488630076691547,0.15414979102176984,35,0.5555555555555556,-0.07108293382319986,0.005872739421035103,0.06625293525662568
2024-02-26,2024-05-24,0.04902073072958402,0.1339046126000245,0.14706219218875205,-0.013157579588727542,-0.017744861186895555,0.15513039566465386,36,0.5714285714285714,-0.07108293382320019,0.005961886033781985,0.09758145784346595
2024-02-27,2024-05-28,0.05045703839122484,0.13853995725106594,0.15137111517367452,-0.012831157922608583,-0.017769555931891112,0.15521213325550726,36,0.5714285714285714,-0.07108293382319975,0.0059703719922,0.1026539809714575
2024-02-28,2024-05-29,0.048636478507592784,0.13255624322884452,0.14590943552277835,-0.013353192293933835,-0.01783400287899828,0.15552788125624598,36,0.5714285714285714,-0.07108293382320052,0.005991701402678667,0.09738717339667535
2024-02-29,2024-05-30,0.028587699316628745,0.0686819702553132,0.08576309794988624,-0.01708112769457304,-0.01797056956563492,0.1563923946257717,35,0.5555555555555556,-0.07108293382319997,0.0060330426931560575,0.03711066931742857
2024-03-01,2024-05-31,0.01144498552545925,0.016788691960316182,0.03433495657637775,-0.01754626461606157,-0.017338568444291713,0.15362559443714685,34,0.5396825396825397,-0.07108293382319986,0.005809791585827067,-0.0095041976873117
2024-03-04,2024-06-03,0.020517093824602872,0.04434616946196579,0.06155128147380862,-0.017205112011842827,-0.01738446203531041,0.15376808502236833,35,0.5555555555555556,-0.07108293382319997,0.005825889393728518,0.012183392112856906
2024-03-05,2024-06-04,0.04201353055842194,0.11284532186798035,0.12604059167526582,-0.01319526980728547,-0.016408584892462774,0.14925119525443806,36,0.5714285714285714,-0.07108293382319997,0.005511188299175713,0.07740514905149087
2024-03-06,2024-06-05,0.05638232411859856,0.1583140430463228,0.16914697235579568,-0.010832929309472883,-0.01743125735683304,0.15387098062034607,36,0.5714285714285714,-0.07108293382320008,0.005878120423541535,0.12173623815067458
2024-03-07,2024-06-06,0.04022898192838675,0.1067208037086127,0.12068694578516026,-0.01396614207654756,-0.01677882040557066,0.15113107074516988,35,0.5555555555555556,-0.07108293382319997,0.005647864747407914,0.07259990447381015
2024-03-08,2024-06-07,0.05453054530545254,0.15374544761700615,0.16359163591635761,-0.009846188299351466,-0.016141802282422457,0.14802413153459196,35,0.5555555555555556,-0.07108293382319975,0.005440283017837138,0.11754911754911745
2024-03-11,2024-06-10,0.06273577356592552,0.18087932197582557,0.18820732069777657,-0.007327998721951001,-0.01614835061693598,0.1478571043259755,36,0.5714285714285714,-0.07108293382319975,0.005442813368787222,0.1426886792452826
2024-03-12,2024-06-11,0.05490691069738052,0.1554991154037364,0.16472073209214155,-0.009221616688405154,-0.015700634539970726,0.14586159442568558,36,0.5714285714285714,-0.07108293382320008,0.005284417183964768,0.11877828054298689
2024-03-13,2024-06-12,0.07700170357751368,0.22924657527078063,0.23100511073254104,-0.0017585354617604132,-0.016011922717123817,0.14681438429624036,37,0.5873015873015873,-0.07108293382319997,0.005396892128691872,0.19060225016545385
2024-03-14,2024-06-13,0.08557635378239259,0.25875604166653043,0.25672906134717777,0.002026980319352667,-0.01607851621841705,0.14685091437168904,38,0.6031746031746031,-0.07108293382320008,0.005419914047913291,0.21951626355296128
2024-03-15,2024-06-14,0.10432798672566435,0.3255932504119823,0.31298396017699304,0.012609290234989246,-0.015725919951889766,0.14454896824180602,39,0.6190476190476191,-0.07108293382319975,0.005305461606494875,0.2841066481994461
2024-03-18,2024-06-17,0.10875925756606053,0.34129508870425806,0.3262777726981816,0.015017316006076475,-0.015960441639157108,0.1455214587612507,39,0.6190476190476191,-0.0710829338232003,0.005388209978317488,0.29415726553291877
2024-03-19,2024-06-18,0.10634562327564612,0.33257890455421313,0.31903686982693835,0.013542034727274777,-0.015942518463837207,0.14553753409241832,39,0.6190476190476191,-0.07108293382319997,0.005382097823870862,0.28595317725752545
2024-03-20,2024-06-20,0.08495391756991255,0.2570508536330327,0.25486175270973765,0.002189100923295051,-0.01571929792413651,0.14521873771352403,38,0.6031746031746031,-0.07108293382319997,0.005300929412051018,0.21701782820097293
2024-03-21,2024-06-21,0.07695068069168154,0.22949228431890978,0.23085204207504462,-0.0013597577561348384,-0.015675347060415623,0.14527079618190827,37,0.5873015873015873,-0.07108293382320008,0.005285714494107374,0.19040000000000012
2024-03-22,2024-06-24,0.061785922308346564,0.17767251318331612,0.1853577669250397,-0.0076852537417235744,-0.016184524161325986,0.14801051185198427,36,0.5714285714285714,-0.07108293382320019,0.005452198679162111,0.14769279897812537
2024-03-25,2024-06-25,0.07783973378901043,0.23148243112961175,0.2335192013670313,-0.0020367702374195495,-0.016519729841121822,0.14915974369678647,37,0.5873015873015873,-0.06897635673709523,0.0055697997520314756,0.19825778351347068
2024-03-26,2024-06-26,0.08357394207344582,0.2512657576962798,0.25072182622033745,0.0005439314759423386,-0.016501046326096835,0.14889039306063376,38,0.6031746031746031,-0.06897635673709523,0.0055635819595991984,0.21250610649731305
2024-03-27,2024-06-27,0.08268327226131422,0.24820103993486575,0.24804981678394267,0.00015122315092308547,-0.016486649646662466,0.14885251479884504,38,0.6031746031746031,-0.06897635673709501,0.005558643657841753,0.21065375302663392
2024-03-28,2024-06-28,0.07905227359744238,0.23559619400885845,0.23715682079232714,-0.0015606267834686882,-0.016557190224459784,0.1492902242808911,38,0.6031746031746031,-0.06897635673709512,0.005582191203557044,0.19915529564652457
2024-04-01,2024-07-01,0.08308798741431644,0.24940145372775824,0.24926396224294933,0.00013749148480890483,-0.016643959932035046,0.14956643634535716,38,0.6031746031746031,-0.06897635673709512,0.005612107931550041,0.21133354859541464
2024-04-02,2024-07-02,0.10398766747523269,0.32300980596671613,0.3119630024256981,0.011046803541018058,-0.016735414743809907,0.14929143755997482,39,0.6190476190476191,-0.06897635673709512,0.005647870898058821,0.28284671532846795
2024-04-03,2024-07-03,0.1106989368921063,0.3470304180616486,0.3320968106763189,0.014933607385329672,-0.0169211917261336,0.14989191749284123,39,0.6190476190476191,-0.06897635673709523,0.005712341047949052,0.30570204350692287
2024-04-04,2024-07-05,0.13970689575963657,0.4559537399922975,0.4191206872789097,0.03683305271338777,-0.01651430259904163,0.14682862436612654,40,0.6349206349206349,-0.06897635673709523,0.005587256001999194,0.41179522656520184
2024-04-05,2024-07-08,0.12911208481848901,0.4162740074901321,0.38733625445546704,0.02893775303466506,-0.016133626006056834,0.14551157820401914,40,0.6349206349206349,-0.06897635673709523,0.005454052011376985,0.37270297360507887
2024-04-08,2024-07-09,0.12975487970948718,0.41869140291916085,0.38926463912846154,0.029426763790699306,-0.016135570440940494,0.14548938143125942,40,0.6349206349206349,-0.06897635673709512,0.0054547124367703825,0.3747913188647751
2024-04-09,2024-07-10,0.13732673043438948,0.44700775153318095,0.41198019130316843,0.03502756023001252,-0.016407704311016458,0.14643160177419176,40,0.6349206349206349,-0.06897635673709501,0.005549738079605145,0.40333773959021846
2024-04-10,2024-07-11,0.12217989369710502,0.3881579254021068,0.3665396810913151,0.021618244310791734,-0.01768352562407416,0.15264332437178205,40,0.6349206349206349,-0.06897635673709512,0.005954484051360747,0.3465128118106231
2024-04-11,2024-07-12,0.11103127736488849,0.3480456822859337,0.3330938320946655,0.014951850191268212,-0.01706283963566202,0.15017092475324073,40,0.6349206349206349,-0.06897635673709512,0.005734012676166182,0.3069692058346831
2024-04-12,2024-07-15,0.13206470896935696,0.427170715696344,0.3961941269080709,0.03097658878827314,-0.016301135442108206,0.14582637996354744,41,0.6507936507936508,-0.053893718484039566,0.005487096167276688,0.383514986376021
2024-04-15,2024-07-16,0.15144063471442593,0.5029874636502842,0.4543219041432778,0.04866555950700646,-0.015466036003313977,0.1409689514819118,42,0.6666666666666666,-0.03815819995360703,0.005216605897269699,0.45777299623453427
2024-04-16,2024-07-17,0.11753653444676404,0.37024597019235217,0.3526096033402921,0.017636366852060048,-0.018221892517546467,0.15448107347461038,41,0.6507936507936508,-0.04213058692540195,0.006078306131512966,0.3293295087845107
2024-04-17,2024-07-18,0.12598628592898797,0.4021147622223993,0.3779588577869639,0.02415590443543536,-0.0178354409027236,0.15243592635629372,41,0.6507936507936508,-0.046663750596468545,0.005951830319502044,0.3598957363619437
2024-04-18,2024-07-19,0.12241090196263649,0.38860311902208844,0.36723270588790946,0.021370413134178978,-0.017975082804687736,0.15320767690131343,41,0.6507936507936508,-0.05511372673771264,0.005997830802338901,0.3471090047393368
2024-04-19,2024-07-22,0.16319787772820393,0.546661669058542,0.4895936331846118,0.05706803587393017,-0.017269309687125034,0.1483547715845891,42,0.6666666666666666,-0.055113726737712754,0.005791731725053106,0.4987873888439778
2024-04-22,2024-07-23,0.14755742323671228,0.48549016206929707,0.44267226971013685,0.042817892359160226,-0.017015884282992166,0.14800897168248275,41,0.6507936507936508,-0.055113726737712865,0.005703018050340383,0.440691280439905
2024-04-23,2024-07-24,0.09012633213353105,0.26883123335272585,0.27037899640059315,-0.001547763047867301,-0.020570072932518224,0.16427282597021148,40,0.6349206349206349,-0.07869413074598397,0.006767006617873028,0.23049445384470713
2024-04-24,2024-07-25,0.07446484255937813,0.2145113732228947,0.2233945276781344,-0.008883154455239684,-0.02090471893994228,0.1660922313064743,39,0.6190476190476191,-0.0888539844122791,0.006877139683766995,0.17799292496741836
2024-04-25,2024-07-26,0.09075273883849655,0.2702853711835107,0.27225821651548965,-0.001972845331978945,-0.02113599182405501,0.16660767743291988,40,0.6349206349206349,-0.08885398441227943,0.006958996534172221,0.23140964995269653
2024-04-26,2024-07-29,0.07633410672853858,0.22139573592164585,0.22900232018561573,-0.007606584263969873,-0.020475975218420817,0.16416909025826967,40,0.6349206349206349,-0.08885398441227921,0.006724893238069772,0.18415340086830634
2024-04-29,2024-07-30,0.05726169844020812,0.1569880458775581,0.17178509532062436,-0.014797049443066257,-0.02100297050520794,0.16675451427157495,39,0.6190476190476191,-0.09032527437569626,0.0068969585559047,0.12245262781551669
2024-04-30,2024-07-31,0.10947031253680062,0.3352390909084102,0.32841093761040185,0.006828153298008344,-0.02228566872052773,0.17146523535799582,40,0.6349206349206349,-0.09032527437569582,0.007417190428614403,0.2948985397307031
2024-05-01,2024-08-01,0.09048206490795296,0.2656690757931821,0.2714461947238589,-0.005777118930676783,-0.023966806625966397,0.17829659340842202,40,0.6349206349206349,-0.09032527437569593,0.007951589029420484,0.2279069767441857
2024-05-02,2024-08-02,0.05118294682595481,0.13219559086597688,0.15354884047786443,-0.02135324961188756,-0.025265048747034946,0.1837336865365001,39,0.6190476190476191,-0.10778193096866562,0.008352033484309254,0.0977387404223502
2024-05-03,2024-08-05,-0.0002525948378796494,-0.02770240082166542,-0.0007577845136389483,-0.02694461630802647,-0.02696523638185544,0.1895187720159519,38,0.6031746031746031,-0.1343844440909816,0.008837091615052795,-0.054320987654321806
2024-05-06,2024-08-06,-0.0016354344122651021,-0.031651440989521884,-0.004906303236795306,-0.026745137752726578,-0.026884846922423544,0.18921266968321843,38,0.6031746031746031,-0.13438444409098116,0.008808413736408753,-0.0614754098360657
2024-05-07,2024-08-07,-0.012604469476743652,-0.06355904322636874,-0.037813408430230955,-0.025745634796137784,-0.027237256525884712,0.1904578956320878,37,0.5873015873015873,-0.13557738189915713,0.008925671939428293,-0.09170081967213128
2024-05-08,2024-08-08,0.018202063354997966,0.024194934430248782,0.0546061900649939,-0.030411255634745116,-0.029756582138109167,0.20011646860482799,38,0.6031746031746031,-0.13557738189915702,0.009861125648960644,-0.006672369546621315
2024-05-09,2024-08-09,0.021291551403564757,0.03347753810804677,0.06387465421069427,-0.030397116102647503,-0.02982110186754028,0.20032097615675248,38,0.6031746031746031,-0.13557738189915713,0.009883640060246031,0.001361238727241476
2024-05-10,2024-08-12,0.021083110889924317,0.03284771872338821,0.06324933266977295,-0.030401613946384742,-0.029818439519815,0.20031332060241627,38,0.6031746031746031,-0.13557738189915747,0.009882717060424756,0.0013520365049848326
2024-05-13,2024-08-13,0.04401011104089658,0.1021023352796484,0.13203033312268975,-0.029927997843041343,-0.03148175054857394,0.2061517132582385,38,0.6031746031746031,-0.13557738189915702,0.01049306792306187,0.0671591672263252
2024-05-14,2024-08-14,0.037674074406297775,0.08228979967014749,0.11302222321889333,-0.030732423548745835,-0.03136386494600085,0.20583118660603947,38,0.6031746031746031,-0.13557738189915658,0.010451799271502953,0.049447832536673175
2024-05-15,2024-08-15,0.04751600794877486,0.11216553079208258,0.1425480238463246,-0.03038249305424201,-0.032418791213202125,0.2095449861022809,38,0.6031746031746031,-0.13557738189915725,0.010845719220990941,0.07861982038758453
2024-05-16,2024-08-16,0.05099783176246753,0.1233009973924093,0.15299349528740258,-0.029692497894993286,-0.03241153061150359,0.2094663290462678,39,0.6190476190476191,-0.13557738189915725,0.010843246055526841,0.08814204185161634
2024-05-17,2024-08-19,0.06532229502390763,0.16927550984018103,0.19596688507172288,-0.02669137523154186,-0.032894606017215056,0.21087335935477186,40,0.6349206349206349,-0.1355773818991567,0.01101556395610052,0.1328249126151897
2024-05-20,2024-08-20,0.055725308302740695,0.13810680510824636,0.16717592490822208,-0.02906911979997573,-0.032768967730853915,0.210625450993617,39,0.6190476190476191,-0.13557738189915736,0.010971349189102137,0.10305105853051066
2024-05-21,2024-08-21,0.05857832382623984,0.1472978473826403,0.17573497147871953,-0.028437124096079236,-0.03282026518680814,0.2107477239201483,39,0.6190476190476191,-0.13557738189915702,0.01098927577141015,0.1124361158432714
2024-05-22,2024-08-22,0.042000394988041645,0.09337456968269575,0.12600118496412493,-0.03262661528142918,-0.033581315638419706,0.21341625345149526,39,0.6190476190476191,-0.1355773818991568,0.011240615343421861,0.05966217263288409
2024-05-23,2024-08-23,0.058061103028700156,0.1443933242821005,0.17418330908610047,-0.02978998480399997,-0.033853313107474525,0.2140900183809514,40,0.6349206349206349,-0.13557738189915702,0.011338004591542812,0.10948560641812222
2024-05-24,2024-08-26,0.037973577901517785,0.08041236580725952,0.11392073370455336,-0.033508367897293834,-0.0338809385630674,0.2144389874013339,39,0.6190476190476191,-0.13557738189915736,0.011342832427476064,0.047589900535577545
2024-05-28,2024-08-27,0.037156282631396476,0.07787929805908345,0.11146884789418943,-0.03358954983510598,-0.03386564958726912,0.2143984312212641,39,0.6190476190476191,-0.13557738189915713,0.011337485545165924,0.04511050560096863
2024-05-29,2024-08-28,0.032665848742442716,0.06367743637771772,0.09799754622732815,-0.034320109849610425,-0.034103699749730376,0.21519833845670555,39,0.6190476190476191,-0.1355773818991568,0.011416569996646826,0.031230674087816324
2024-05-30,2024-08-29,0.04232089469604694,0.0941729082848366,0.12696268408814082,-0.03278977580330422,-0.033767534192082116,0.214013584545301,39,0.6190476190476191,-0.13557738189915713,0.011303937143279071,0.059904153354632506
2024-05-31,2024-08-30,0.056710523396419354,0.1396588502219267,0.17013157018925806,-0.030472719967331363,-0.03415648053674447,0.21510272565252958,40,0.6349206349206349,-0.13557738189915713,0.011442549445366238,0.09723332800255902
2024-06-03,2024-09-03,0.019155650696268456,0.019434574278510475,0.05746695208880537,-0.03803237781029489,-0.03697445254034659,0.22382360293646203,39,0.6190476190476191,-0.13557738189915725,0.012335506049985335,-0.0125118783655368
2024-06-04,2024-09-04,0.013733301054207114,0.0032514028479018187,0.04119990316262134,-0.037948500314719524,-0.03697261760636972,0.22385151107090417,38,0.6031746031746031,-0.13557738189915702,0.01233476955265939,-0.028140229523660132
2024-06-05,2024-09-05,-0.005371820594136212,-0.051314721501495186,-0.016115461782408635,-0.03519925971908655,-0.03586048346702919,0.22019650510834277,38,0.6031746031746031,-0.13557738189915702,0.011929224261054949,-0.0805040770941432
2024-06-06,2024-09-06,-0.03168094611217842,-0.12664838605990136,-0.09504283833653526,-0.0316055477233661,-0.038091651280885985,0.2266263300622984,38,0.6031746031746031,-0.13557738189915736,0.012646662603734074,-0.15407451387858062
2024-06-07,2024-09-09,-0.01836011750475197,-0.09054124904067617,-0.055080352514255915,-0.03546089652642026,-0.03855062420849942,0.2281712050530446,39,0.6190476190476191,-0.13557738189915736,0.012811250500504856,-0.11933849821215747
2024-06-10,2024-09-10,-0.013273669943850486,-0.07651678389443128,-0.03982100983155146,-0.03669577406287983,-0.03874446130153153,0.2287997070920463,39,0.6190476190476191,-0.13557738189915702,0.01288034486606173,-0.10511573050272771
2024-06-11,2024-09-11,0.0012819964958759034,-0.036198190639547434,0.00384598948762771,-0.040044180127175144,-0.03989547839816632,0.23253712916874875,39,0.6190476190476191,-0.13557738189915702,0.013304807868323542,-0.06731185902065673
2024-06-12,2024-09-12,-0.0019614046187922396,-0.045328100844770014,-0.005884213856376719,-0.039443886988393295,-0.039688498622072244,0.23188479740620355,39,0.6190476190476191,-0.1355773818991569,0.013229612263058306,-0.07615341856587088
2024-06-13,2024-09-13,-0.0028947810035244714,-0.0479779878927683,-0.008684343010573414,-0.03929364488219489,-0.03966220396278408,0.23180430055303414,39,0.6190476190476191,-0.13557738189915736,0.013220303332066969,-0.0787853918752569
2024-06-14,2024-09-16,-0.012416786660824575,-0.07497411358520634,-0.037250359982473724,-0.03772375360273261,-0.03964281815238546,0.23173721882271842,38,0.6031746031746031,-0.13557738189915747,0.013212975855222053,-0.10408520965349954
2024-06-17,2024-09-17,-0.02385271925122734,-0.10634934255118755,-0.07155815775368202,-0.03479118479750554,-0.03922491398852823,0.23038149114212755,38,0.6031746031746031,-0.13557738189915702,0.013063196390165007,-0.13492063492063566
2024-06-18,2024-09-18,-0.028379464561736678,-0.11877419697349434,-0.08513839368521003,-0.033635803288284305,-0.03927929675731956,0.23052010952488192,37,0.5873015873015873,-0.13557738189915713,0.013081845788995232,-0.14668400520156155
2024-06-20,2024-09-19,0.003925478222941425,-0.029488724020759527,0.011776434668824276,-0.0412651586895838,-0.04082874041614504,0.23562855247430842,38,0.6031746031746031,-0.13557738189915713,0.013661725049579241,-0.06006125982154764
2024-06-21,2024-09-20,0.004706568370193676,-0.0272112088791725,0.014119705110581027,-0.041330913989753526,-0.04081841279645382,0.2355955098887793,38,0.6031746031746031,-0.13557738189915758,0.013658169145283512,-0.05739247311828055
2024-06-24,2024-09-23,0.019157734829942763,0.015896470047688016,0.05747320448982829,-0.04157673444214027,-0.040322668102137915,0.23408412158929148,39,0.6190476190476191,-0.13557738189915736,0.013491923345396497,-0.017111853088481177
2024-06-25,2024-09-24,0.01249530643748109,-0.0035863016238931733,0.03748591931244327,-0.041072220936336445,-0.0400234298690757,0.2331899770236021,39,0.6190476190476191,-0.1355773818991568,0.013384418499069255,-0.03540656973613343
2024-06-26,2024-09-25,0.011345421237794584,-0.006967230260064294,0.03403626371338375,-0.041003493973448046,-0.04001368384498305,0.23316614334577454,39,0.6190476190476191,-0.13557738189915747,0.01338101314811306,-0.03746978243352184
2024-06-27,2024-09-26,0.016320259130831793,0.007611967957361854,0.04896077739249538,-0.04134880943513353,-0.040153979200983625,0.23357177269790147,39,0.6190476190476191,-0.1355773818991568,0.013430796044713936,-0.02413333333333434
2024-06-28,2024-09-27,0.015946233641543683,0.0064877738389645945,0.04783870092463105,-0.041350927085666456,-0.04016555787836207,0.23360830678413902,39,0.6190476190476191,-0.1355773818991568,0.013434730966667892,-0.02560281766459005
2024-07-01,2024-09-30,0.012761454183266352,-0.0028685036662543517,0.038284362549799056,-0.04115286621605341,-0.0400890552998765,0.23339120823854753,39,0.6190476190476191,-0.13557738189915713,0.01340768646424146,-0.03385312541650032
2024-07-02,2024-10-01,-0.011725327528851248,-0.0737227034375838,-0.035175982586553745,-0.03854672085103006,-0.04036070446230078,0.23416878211989905,38,0.6031746031746031,-0.1355773818991569,0.01349155597856994,-0.10228889176257627
2024-07-03,2024-10-02,-0.018511730205279187,-0.0924943050685153,-0.05553519061583756,-0.036959114452677744,-0.04017066611908704,0.23356591767922477,38,0.6031746031746031,-0.1355773818991568,0.013424045141325535,-0.12053515082670752
2024-07-05,2024-10-03,-0.02936552724927488,-0.12199248691467701,-0.08809658174782464,-0.03389590516685237,-0.03986766135006503,0.2325685559751703,37,0.5873015873015873,-0.13557738189915702,0.0133158839157974,-0.14835232145044752
2024-07-08,2024-10-04,-0.02014718301363283,-0.09709470046394975,-0.06044154904089849,-0.036653151423051256,-0.04024658624779609,0.23380139023472882,37,0.5873015873015873,-0.13557738189915725,0.013451792259204075,-0.12413289521723314
2024-07-09,2024-10-07,-0.03148040259557683,-0.12837034215988452,-0.09444120778673049,-0.033929134373154035,-0.04058443367175746,0.2347284569728245,36,0.5714285714285714,-0.13557738189915713,0.013565784116154042,-0.15482695810564695
2024-07-10,2024-10-08,-0.027159217432798588,-0.11693955710822279,-0.08147765229839576,-0.03546190480982703,-0.04089727364638662,0.23574454043573323,36,0.5714285714285714,-0.13557738189915725,0.013680116262997049,-0.14494289414812256
2024-07-11,2024-10-09,0.0024800276462093596,-0.032438401918417514,0.007440082938628079,-0.03987848485704559,-0.03960158135509095,0.23215201789011594,37,0.5873015873015873,-0.12404803159124833,0.013261095216205604,-0.0627599243856336
2024-07-12,2024-10-10,-0.004506689301161271,-0.052434888573530625,-0.013520067903483812,-0.03891482067004681,-0.039507399001551535,0.231871961279033,36,0.5714285714285714,-0.12404803159124811,0.013227871201013928,-0.08097718253968278
2024-07-15,2024-10-11,-0.005623299405421722,-0.05560643715506186,-0.016869898216265167,-0.038736538938796694,-0.03949374147825824,0.23183054074530496,36,0.5714285714285714,-0.12404803159124789,0.013223090172759626,-0.08542589857213267
2024-07-16,2024-10-14,0.0023371076278355662,-0.03294297591786144,0.007011322883506699,-0.03995429880136814,-0.039691755167355014,0.232434608466402,36,0.5714285714285714,-0.12404803159124811,0.013293359759802262,-0.06273062730627321
2024-07-17,2024-10-15,0.01884716773564077,0.01792033203882548,0.056541503206922306,-0.038621171168096824,-0.037531196620794516,0.22630636750951744,36,0.5714285714285714,-0.09858600099518977,0.012610323170489665,-0.01335131490222563
2024-07-18,2024-10-16,0.023816972199628195,0.03295920371851846,0.07145091659888458,-0.038491712880366125,-0.03746574257222646,0.226067301552822,37,0.5873015873015873,-0.09858600099518999,0.012587941094908803,0.0010952902519170138
2024-07-19,2024-10-17,0.03368824173049334,0.06338157590659121,0.10106472519148002,-0.037683149284888806,-0.037234757816193564,0.22526953114662251,38,0.6031746031746031,-0.09858600099518988,0.012509857652319517,0.03208556149732633
2024-07-22,2024-10-18,0.025190744733786463,0.03790474864940685,0.07557223420135939,-0.03766748555195254,-0.036740127985035675,0.22373382926921012,38,0.6031746031746031,-0.0985860009951901,0.01233087930677099,0.006472491909384814
2024-07-23,2024-10-21,0.030793558320502346,0.0550428794352007,0.09238067496150704,-0.03733779552630634,-0.03671449985097763,0.2236014270409209,39,0.6190476190476191,-0.09539761141858438,0.012322147481208589,0.023037077426390384
2024-07-24,2024-10-22,0.07030946523371728,0.18613387517173785,0.21092839570115185,-0.024794520529414,-0.03260105169617222,0.21097504569233508,40,0.6349206349206349,-0.07705861124673619,0.011036654674730343,0.15003819709702038
2024-07-25,2024-10-23,0.06565998210661772,0.17032338917411005,0.19697994631985316,-0.02665655714574311,-0.03294781061946028,0.21215594946494518,40,0.6349206349206349,-0.07705861124673608,0.011149864601375655,0.13466097676623945
2024-07-26,2024-10-24,0.06339503639544675,0.16300969458379977,0.19018510918634024,-0.02717541460254047,-0.03283750166429833,0.21182242210358304,40,0.6349206349206349,-0.07705861124673608,0.011110432018529993,0.12937922556853088
2024-07-29,2024-10-25,0.0677301142487603,0.17717640598064954,0.2031903427462809,-0.02601393676563135,-0.03293186428095907,0.21205390704774615,40,0.6349206349206349,-0.07705861124673608,0.0111435287962023,0.14176596394744867
2024-07-30,2024-10-28,0.08277052870849944,0.2283476148821162,0.2483115861254983,-0.019963971243382117,-0.03236402225591639,0.20990635061491456,41,0.6507936507936508,-0.07705861124673608,0.010955003326720234,0.19143175664914813
2024-07-31,2024-10-29,0.06175303033519386,0.1607062363199303,0.18525909100558158,-0.02455285468565127,-0.030267858722805352,0.20265658284630908,41,0.6507936507936508,-0.07705861124673619,0.010171538264222048,0.12595196250732177
2024-08-01,2024-10-30,0.07988513248923113,0.22327859625632773,0.23965539746769338,-0.016376801211365644,-0.02861209653274699,0.1968745117757759,41,0.6507936507936508,-0.07007253886010334,0.009641976504124274,0.18639520202020243
2024-08-02,2024-10-31,0.07821727019498681,0.2173209179590485,0.23465181058496043,-0.01733089262591192,-0.028850181299715838,0.19767519033530873,41,0.6507936507936508,-0.07007253886010367,0.009715826197080389,0.18232890704800853
2024-08-05,2024-11-01,0.11957645221306024,0.36658025403316485,0.3587293566391807,0.007850897393984146,-0.026190796406731387,0.1876440880752347,42,0.6666666666666666,-0.07007253886010367,0.008881568052037912,0.32282730324505793
2024-08-06,2024-11-04,0.10574932314062724,0.3168877820105387,0.3172479694218817,-0.000360187411343027,-0.025955671986763407,0.18722320913900736,41,0.6507936507936508,-0.07007253886010356,0.008798755247090301,0.27856622998544234
2024-08-07,2024-11-05,0.13211583135910843,0.4131999605992436,0.3963474940773253,0.016852466521918297,-0.02606263908458817,0.18676747158090895,42,0.6666666666666666,-0.0700725388601039,0.00884421125956167,0.371310396691106
2024-08-08,2024-11-06,0.12835048095163648,0.3998894875945911,0.38505144285490944,0.014838044739681644,-0.02554520457342624,0.18475265051064332,42,0.6666666666666666,-0.07007253886010378,0.008646248464625434,0.35825008611780773
2024-08-09,2024-11-07,0.14016118647454534,0.4433963296873489,0.420483559423636,0.022912770263712856,-0.026161727063194085,0.1866902774209887,42,0.6666666666666666,-0.07007253886010378,0.008866857804328915,0.40271877655055044
2024-08-12,2024-11-08,0.1390402764854437,0.43915747264228955,0.4171208294563311,0.022036643185958438,-0.026152230217605488,0.186700648929963,42,0.6666666666666666,-0.0700725388601039,0.008863584906763061,0.39662447257383837
2024-08-13,2024-11-11,0.11081326473258657,0.33710620177787454,0.3324397941977597,0.004666407580114829,-0.02446527857588432,0.1809850799683064,41,0.6507936507936508,-0.07007253886010367,0.008248250516550298,0.29955947136563754
2024-08-14,2024-11-12,0.1084433687031301,0.32855368527781037,0.3253301061093903,0.0032235791684200876,-0.02447460434874671,0.18110291999774572,40,0.6349206349206349,-0.07007253886010367,0.008251421111604165,0.29024658394848446
2024-08-15,2024-11-13,0.07973947135449522,0.2301897673571005,0.23921841406348565,-0.009028646706385146,-0.022728628508013382,0.17473489384161298,39,0.6190476190476191,-0.07007253886010356,0.0076148520546406515,0.19471224072450988
2024-08-16,2024-11-14,0.070858682609519,0.19991282768182628,0.212576047828557,-0.012663220146730714,-0.022868060676054403,0.17550804902281508,38,0.6031746031746031,-0.07007253886010378,0.007661497592047851,0.1663752913752905
2024-08-19,2024-11-15,0.031790886612504066,0.07190415867128208,0.0953726598375122,-0.023468501166230116,-0.02415488362455054,0.18073655042672676,37,0.5873015873015873,-0.0700725388601039,0.008056616553821921,0.04165497896213166
2024-08-20,2024-11-18,0.04114438012743049,0.10117868597740087,0.12343314038229147,-0.0222544544048906,-0.024280647196895155,0.18110071897198446,38,0.6031746031746031,-0.07007253886010378,0.008100482365483918,0.06929156082415955
2024-08-21,2024-11-19,0.04344041450777181,0.10839694847368087,0.13032124352331542,-0.021924295049634557,-0.024353793944415614,0.18135165276751727,38,0.6031746031746031,-0.07007253886010378,0.008126058774618779,0.07601280801893373
2024-08-22,2024-11-20,0.05963988627987793,0.16173945852251936,0.1789196588396338,-0.017180200317114425,-0.023586335987728524,0.17821648399053366,38,0.6031746031746031,-0.0652291666666669,0.007875012006229396,0.1289850833577051
2024-08-23,2024-11-21,0.0520416666666661,0.13727346345512315,0.1561249999999983,-0.018851536544875147,-0.023288988968579782,0.17717250982382135,38,0.6031746031746031,-0.06522916666666678,0.007770326284789569,0.10534524315893812
2024-08-26,2024-11-22,0.06405941010644978,0.17702701684351618,0.19217823031934933,-0.015151213475833147,-0.023012963569536637,0.17586778053132363,39,0.6190476190476191,-0.05887658360600734,0.007678647441419968,0.14300321355535983
2024-08-27,2024-11-25,0.06256816847050839,0.17210763575850363,0.18770450541152517,-0.015596869653021539,-0.02299431549941633,0.17582719981083567,39,0.6190476190476191,-0.05887658360600723,0.00767222499332777,0.13861529548088014
2024-08-28,2024-11-26,0.0805346345603064,0.23296038382348372,0.24160390368091922,-0.0086435198574355,-0.022688415554719565,0.17421764861097314,40,0.6349206349206349,-0.05790832930900536,0.007572289528723905,0.1968515742128929
2024-08-29,2024-11-27,0.07359877618663124,0.20914776573962768,0.22079632855989373,-0.01164856282026605,-0.022867733969707982,0.1750987887061149,40,0.6349206349206349,-0.057908329309005246,0.0076321369687604125,0.17407686510926879
2024-08-30,2024-11-29,0.07027526403090634,0.19817683656777985,0.210825792092719,-0.012648955524939165,-0.022685246781055546,0.1744292483228926,40,0.6349206349206349,-0.05790832930900536,0.007567272998934934,0.16440752076956677
2024-09-03,2024-12-02,0.11580520127325,0.3613052142054438,0.34741560381975,0.013889610385693807,-0.020080582595449536,0.1633075372094345,41,0.6507936507936508,-0.03417357140078581,0.006764033390796408,0.3228548516439451
2024-09-04,2024-12-03,0.12214237641388648,0.38462115213432746,0.36642712924165943,0.018194022892668027,-0.020088009431177167,0.16308123180447193,42,0.6666666666666666,-0.034173571400785696,0.006766683132349444,0.3460045292785494
2024-09-05,2024-12-04,0.13495575221238854,0.43196444500378006,0.4048672566371656,0.027097188366614455,-0.020520290226212268,0.16440743584164497,42,0.6666666666666666,-0.034173571400785696,0.006918652343216716,0.39068042566913896
2024-09-06,2024-12-05,0.16296329314225888,0.5441508716985537,0.48888987942677664,0.055260992271777054,-0.018270798430711,0.15396191869870227,42,0.6666666666666666,-0.034173571400785585,0.0062087737871462855,0.5009650815932611
2024-09-09,2024-12-06,0.15847379307309728,0.5267106216032109,0.47542137921929184,0.051289242383919076,-0.01803030257777638,0.15308302890746264,42,0.6666666666666666,-0.034173571400785474,0.006123498636853044,0.4843512096092031
2024-09-10,2024-12-09,0.13892643788427073,0.450818277999004,0.4167793136528122,0.0340389643461918,-0.01796719586227269,0.15376929580740173,41,0.6507936507936508,-0.03417357140078581,0.006098735176656347,0.41169686985172915
2024-09-11,2024-12-10,0.11092142887627565,0.3481597560610281,0.33276428662882696,0.015395469432201159,-0.016688028404163613,0.14888371347348875,40,0.6349206349206349,-0.034173571400785696,0.005638786121350091,0.31268390893603804
2024-09-12,2024-12-11,0.1198174210726517,0.3799293343233161,0.3594522632179551,0.02047707110536101,-0.017313051050819372,0.15152714964977934,40,0.6349206349206349,-0.03417357140078536,0.005862927824807116,0.34311070998796533
2024-09-13,2024-12-12,0.10762822400807859,0.3352661915991062,0.32288467202423576,0.012381519574870437,-0.017379519143076116,0.15232946203439626,39,0.6190476190476191,-0.034173571400785585,0.00588450950007745,0.29948032665181734
2024-09-16,2024-12-13,0.12105908207252125,0.3842745796328304,0.36317724621756375,0.02109733341526665,-0.017490542445370738,0.15228218283527525,40,0.6349206349206349,-0.034173571400785696,0.005923580374695709,0.34537246049661396
2024-09-17,2024-12-16,0.13660267376290958,0.44179314011863613,0.40980802128872873,0.0319851188299074,-0.018078125946279666,0.1543028625095731,40,0.6349206349206349,-0.034173571400785696,0.006130681279627611,0.4030681305459456
2024-09-18,2024-12-17,0.1365179025962997,0.44146771043050537,0.4095537077888991,0.031914002641606265,-0.01808007024125169,0.15431547307952076,40,0.6349206349206349,-0.03417357140078581,0.0061313298196098084,0.4026211520877776
2024-09-19,2024-12-18,0.06849966898378046,0.19482589725369492,0.20549900695134138,-0.010673109697646455,-0.020551847728777495,0.16522557981189584,39,0.6190476190476191,-0.04032183139156764,0.006793579560007069,0.1630773590252188
2024-09-20,2024-12-19,0.06576983666362635,0.18563311435822727,0.19730950999087904,-0.01167639563265177,-0.02060012019685309,0.1654928323000454,39,0.6190476190476191,-0.04459557388929147,0.006809788796867312,0.15399971481534314
2024-09-23,2024-12-20,0.07374130506790277,0.21217115863630442,0.22122391520370832,-0.009052756567403897,-0.020814516315427634,0.16620188154136947,39,0.6190476190476191,-0.04459557388929136,0.00688449897403202,0.17523000707714131
2024-09-24,2024-12-23,0.0772606465170893,0.22397700716319235,0.2317819395512679,-0.007804932388075558,-0.02093646688986983,0.16662499571528094,39,0.6190476190476191,-0.044595573889291695,0.006927118532399093,0.18715980460572124
2024-09-25,2024-12-24,0.09085669589559964,0.2702345596015412,0.2725700876867989,-0.002335528085257721,-0.021454961601718336,0.16843531731745284,39,0.6190476190476191,-0.04459557388929136,0.007110126487689271,0.23398911678526635
2024-09-26,2024-12-26,0.08198663860910815,0.23970401016767995,0.24595991582732446,-0.006255905659644512,-0.02129386008468015,0.16803057385240505,38,0.6031746031746031,-0.04459557388929147,0.007054141700381008,0.20576581500204894
2024-09-27,2024-12-27,0.07356959424756071,0.2104451061405408,0.22070878274268213,-0.010263676602141336,-0.021739562424903824,0.1700156155992921,38,0.6031746031746031,-0.04459557388929147,0.007199966320465607,0.1769776171277626
2024-09-30,2024-12-30,0.05642633228840155,0.15277021045480077,0.16927899686520465,-0.016508786410403875,-0.022256152982697786,0.17242961513284508,37,0.5873015873015873,-0.04459557388929147,0.0073694996685574965,0.12098220444199215
2024-10-01,2024-12-31,0.062251958360171944,0.17239552680768333,0.18675587508051583,-0.014360348272832502,-0.02188136868418944,0.17086042063942472,37,0.5873015873015873,-0.050058531690729824,0.0072475486271359425,0.139873235378853
2024-10-02,2025-01-02,0.058678286129266954,0.16059615766898783,0.17603485838780086,-0.015438700718813037,-0.021886818884677472,0.17096146436154316,36,0.5714285714285714,-0.05191668060278365,0.007249378457867505,0.12844431687715274
2024-10-03,2025-01-03,0.07680807325733463,0.2203108032667287,0.2304242197720039,-0.010113416505275197,-0.022637780449080602,0.17367002764589232,37,0.5873015873015873,-0.05191668060278376,0.007516639245404129,0.18527042577675434
2024-10-04,2025-01-06,0.07637691865714502,0.21887864294746207,0.22913075597143506,-0.010252113023972997,-0.02261124448897156,0.1735707737415651,37,0.5873015873015873,-0.05191668060278387,0.0075071620358967035,0.18396554119772168
2024-10-07,2025-01-07,0.06861646961211298,0.19193152754164,0.20584940883633895,-0.013917881294698953,-0.02324483253460985,0.17613227943719198,37,0.5873015873015873,-0.05191668060278398,0.007710838346698001,0.15833333333333388
2024-10-08,2025-01-08,0.0530758226037189,0.14141621321901243,0.1592274678111567,-0.017811254592144277,-0.022616256616211028,0.17388457080985079,37,0.5873015873015873,-0.05191668060278365,0.007487824770502547,0.11098870834480823
2024-10-09,2025-01-10,0.028470039541720782,0.06263653547066794,0.08541011862516235,-0.022773583154494403,-0.023190646706861662,0.17639853313572557,36,0.5714285714285714,-0.05756545329542739,0.007671810186142977,0.03307785397337537
2024-10-10,2025-01-13,0.0263302137680419,0.05598868341555674,0.0789906413041257,-0.023001957888568958,-0.023217384233988225,0.17652609887480378,36,0.5714285714285714,-0.06059423602207503,0.007680849115057373,0.025907434894075987
2024-10-11,2025-01-14,0.0237554726771525,0.048065979054704666,0.0712664180314575,-0.023200438976752835,-0.023212901924534624,0.17653460010977193,35,0.5555555555555556,-0.06148614749986081,0.007679307067228915,0.019650067294750606
2024-10-14,2025-01-15,0.03859296482412056,0.09288945966768103,0.11577889447236167,-0.02288943480468064,-0.02447117148178579,0.18156054149200185,35,0.5555555555555556,-0.06148614749986081,0.008138178665611288,0.061417322834645294
2024-10-15,2025-01-16,0.04528878476112874,0.11461576245638949,0.13586635428338623,-0.021250591826996734,-0.024075303743494314,0.18000132500318206,35,0.5555555555555556,-0.0614861474998607,0.00800859044043652,0.08296883542919509
2024-10-16,2025-01-17,0.06280173555234114,0.1706254724561258,0.18840520665702343,-0.017779734200897623,-0.02487294718764732,0.18285448187173134,35,0.5555555555555556,-0.06148614749986092,0.008293457893644048,0.13703501094091797
2024-10-17,2025-01-21,0.06829516539440261,0.18875263408308318,0.20488549618320784,-0.016132862100124656,-0.02497061757851482,0.18310781589471348,35,0.5555555555555556,-0.06148614749986081,0.008327376321260876,0.15244068721025283
2024-10-18,2025-01-22,0.07490848787590787,0.21054585544800797,0.2247254636277236,-0.014179608179715641,-0.02530942088599919,0.18428055295249055,35,0.5555555555555556,-0.06148614749986103,0.008447889406588013,0.17631296891746961
2024-10-21,2025-01-23,0.07512817407452221,0.2112852417349389,0.22538452222356664,-0.014099280488627741,-0.025311824721423237,0.1842842031388651,35,0.5555555555555556,-0.06148614749986103,0.008448718162732717,0.17708194536975252
2024-10-22,2025-01-24,0.06788853939833817,0.18686896717229984,0.2036656181950145,-0.01679665102271466,-0.025403163063472123,0.18479556015195192,34,0.5396825396825397,-0.06148614749986081,0.0084794649878635,0.1525176032948039
2024-10-23,2025-01-27,0.05293226308460963,0.13539902911293367,0.1587967892538289,-0.02339776014089523,-0.02737098975172292,0.1917093836467148,34,0.5396825396825397,-0.06148614749986103,0.009092309353103546,0.1023819473464258
2024-10-24,2025-01-28,0.05990006499837519,0.15758274012264906,0.17970019499512557,-0.022117454872476516,-0.027796262453979814,0.19318882016200617,34,0.5396825396825397,-0.0614861474998607,0.009245004198062439,0.12448979591836684
2024-10-25,2025-01-29,0.05150205927481166,0.1303961100266744,0.154506177824435,-0.024110067797760593,-0.027700031514725443,0.19299182161929845,33,0.5238095238095238,-0.061486147499861366,0.009211399443449156,0.09900990099009821
2024-10-28,2025-01-30,0.055813484053289786,0.14429635175604338,0.16744045215986936,-0.023144100403825973,-0.02775235294829803,0.19310483694507138,33,0.5238095238095238,-0.06148614749986048,0.009229541643717093,0.11174976607405385
2024-10-29,2025-01-31,0.04424584133077247,0.10738764784930543,0.13273752399231742,-0.025349876143011985,-0.027495965264414557,0.19235137473337996,32,0.5079365079365079,-0.061486147499861366,0.009139331601303929,0.07596253902185213
2024-10-30,2025-02-03,0.043776945082395935,0.10587283060185193,0.1313308352471878,-0.025458004645335874,-0.027516842471154934,0.19243174608630523,32,0.5079365079365079,-0.06148614749986092,0.009146266038065209,0.07383264600239436
2024-10-31,2025-02-04,0.08395163790430948,0.24054197783606823,0.25185491371292845,-0.01131293587686022,-0.025948887290983214,0.18636547779385668,33,0.5238095238095238,-0.06148614749986048,0.008659754318646254,0.20446364290856667
2024-11-01,2025-02-05,0.08087315101655523,0.2301253524551623,0.2426194530496657,-0.012494100594503399,-0.02585146427946361,0.1860755567128324,33,0.5238095238095238,-0.06148614749986148,0.008625601973437848,0.19469899901311094
2024-11-04,2025-02-06,0.08968951256147006,0.2604035857313727,0.2690685376844102,-0.008664951953037514,-0.025904994577156337,0.18603746966413998,34,0.5396825396825397,-0.061486147499861143,0.008644360301986542,0.22399316920449674
2024-11-05,2025-02-07,0.06239206842607792,0.16800939210987043,0.18717620527823375,-0.019166813168363328,-0.025926169066475047,0.186678766693752,33,0.5238095238095238,-0.061486147499861143,0.008640715966914531,0.1342199067726899
2024-11-06,2025-02-10,0.046817516515684776,0.119221120529172,0.14045254954705433,-0.02123142901788233,-0.024329995119367398,0.1804355076165784,33,0.5238095238095238,-0.061486147499861254,0.008049409883408276,0.0859751458280491
2024-11-07,2025-02-11,0.028138022354636805,0.061108239939276165,0.08441406706391041,-0.02330582712463425,-0.02365023569299851,0.17795435489977648,32,0.5079365079365079,-0.061486147499861143,0.007807194963012346,0.03004239854633539
2024-11-08,2025-02-12,0.027541136655385268,0.059264463609732365,0.0826234099661558,-0.023358946356423438,-0.02364725789815869,0.17794931511804785,32,0.5079365079365079,-0.061486147499861366,0.0078061746204525165,0.02960725075528714
2024-11-11,2025-02-13,0.04293165187606962,0.10691710859905523,0.12879495562820886,-0.02187784702915363,-0.024229788225963556,0.18008669669079008,33,0.5238095238095238,-0.06148614749986092,0.008012784403492344,0.07493946731234868
2024-11-12,2025-02-14,0.049209412957438525,0.12697859296974712,0.14762823887231558,-0.02064964590256846,-0.024271181825166965,0.18014303657368183,34,0.5396825396825397,-0.061486147499861254,0.008027136434507318,0.09348752282410278
2024-11-13,2025-02-18,0.05294289897510929,0.1390403294453495,0.15882869692532786,-0.019788367479978364,-0.02428127183401818,0.18011380217640877,35,0.5555555555555556,-0.06148614749986103,0.008030620049960482,0.10514732852426922
2024-11-14,2025-02-19,0.06060665631327433,0.16426461815381677,0.181819968939823,-0.01755535078600623,-0.024137444152612098,0.179414993272263,36,0.5714285714285714,-0.061486147499861366,0.00798239862182731,0.12915313514863902
2024-11-15,2025-02-20,0.08188170852044974,0.2379233416088462,0.2456451255613492,-0.007721783952503003,-0.022415251923444623,0.17254596410392348,36,0.5714285714285714,-0.06148614749986059,0.007432740732696729,0.20236973205870434
2024-11-18,2025-02-21,0.05211791528338838,0.13714401390780684,0.15635374585016515,-0.01920973194235831,-0.023612474306378917,0.17768472540462843,35,0.5555555555555556,-0.061486147499861254,0.007815224643412675,0.10479081430645376
2024-11-19,2025-02-24,0.032594446430698865,0.07469369584854446,0.0977833392920966,-0.023089643443552132,-0.023897676826189596,0.17903983295954753,34,0.5396825396825397,-0.06148614749986081,0.007907235252706745,0.04411954974770227
2024-11-20,2025-02-25,0.0201721088300173,0.03586253307445708,0.0605163264900519,-0.024653793415594816,-0.024377545367862852,0.1809577808284918,34,0.5396825396825397,-0.06148614749986081,0.008065645913618942,0.005440414507771996
2024-11-21,2025-02-26,0.018971048358350284,0.03222997446571507,0.05691314507505085,-0.02468317060933578,-0.024357002127513572,0.18088785076040065,34,0.5396825396825397,-0.061486147499861254,0.008058541461646328,0.0020523345305294427
2024-11-22,2025-02-27,-0.01091362027719045,-0.058300654465573754,-0.03274086083157135,-0.025559793634002403,-0.026783184185349307,0.18940854564503992,33,0.5238095238095238,-0.07274985172004733,0.008827213658778242,-0.0844728434504789
2024-11-25,2025-02-28,0.0031188929903864793,-0.018346194855135223,0.009356678971159438,-0.02770287382629466,-0.027474216621520497,0.19203633655791152,33,0.5238095238095238,-0.07274985172004733,0.009074082541219865,-0.046940592799898595
2024-11-26,2025-03-03,-0.024071783393219137,-0.09732909167460935,-0.07221535017965741,-0.025113741494951936,-0.028873463085667628,0.19668785515532386,32,0.5079365079365079,-0.0787181198102016,0.009524095093233957,-0.12213453588876422
2024-11-27,2025-03-04,-0.019295468038789787,-0.08386199044429521,-0.05788640411636936,-0.025975586327925848,-0.028715730361477898,0.19616807052046964,32,0.5079365079365079,-0.08149836892052187,0.009471211854855359,-0.1102695763799747
2024-11-29,2025-03-05,-0.015164593714442898,-0.0724834800495292,-0.04549378114332869,-0.02698969890620051,-0.02897437179598339,0.19714389817477262,32,0.5079365079365079,-0.08149836892052176,0.009563940791291926,-0.0986356239829771
2024-12-02,2025-03-06,-0.05257233790681015,-0.17594643033096014,-0.15771701372043045,-0.01822941661052968,-0.031014534224936496,0.20325544117018118,31,0.49206349206349204,-0.09512158956109118,0.01020216210323965,-0.199321047526673
2024-12-03,2025-03-07,-0.04852283939868729,-0.16544412090275717,-0.14556851819606187,-0.019875602706695306,-0.031141581429681597,0.203765051983912,31,0.49206349206349204,-0.0951215895610914,0.010246834912852458,-0.18988102391539474
2024-12-04,2025-03-10,-0.0965676719030697,-0.2888526936956264,-0.2897030157092091,0.000850322013582705,-0.035565610479198706,0.21573467757957485,30,0.47619047619047616,-0.12379522538552756,0.011596051168135911,-0.3065507246376812
2024-12-05,2025-03-11,-0.09622276307468203,-0.2880336447316322,-0.2886682892240461,0.000634644492413905,-0.035559865647647126,0.2157270406149913,30,0.47619047619047616,-0.1258896797153023,0.011594086106889199,-0.3089782557867663
2024-12-06,2025-03-12,-0.09413462999544153,-0.28318477565315925,-0.2824038899863246,-0.000780885666834652,-0.03569093758965125,0.21623634728805718,30,0.47619047619047616,-0.1258896797153023,0.011641245689559892,-0.3032824253476176
2024-12-09,2025-03-13,-0.10344959607948279,-0.30565034642553257,-0.31034878823844836,0.004698441812915788,-0.03649473646313828,0.21839878264626006,30,0.47619047619047616,-0.1319320877817316,0.011904255321471099,-0.3255922511378224
2024-12-10,2025-03-14,-0.07864003073376924,-0.2476108088139357,-0.23592009220130772,-0.011690716612627994,-0.03804550170481935,0.22437359627499942,31,0.49206349206349204,-0.1319320877817317,0.01247685622845864,-0.2698206701274184
2024-12-11,2025-03-17,-0.08897569444444475,-0.2720709527249524,-0.26692708333333426,-0.00514386939161815,-0.037281852824064377,0.22156690940434107,31,0.49206349206349204,-0.1319320877817317,0.012198398711466583,-0.29342591555605313
2024-12-12,2025-03-18,-0.09868945868945911,-0.29566198724454906,-0.2960683760683773,0.00040638882382826313,-0.03803831043999295,0.22355671851953157,31,0.49206349206349204,-0.13193208778173193,0.012447362853452394,-0.3154707495429615
2024-12-13,2025-03-19,-0.09356681054794336,-0.2838322766500472,-0.2807004316438301,-0.0031318450062171044,-0.038371453803869304,0.22480502044497291,31,0.49206349206349204,-0.13193208778173182,0.012567835550697643,-0.3038031319910517
2024-12-16,2025-03-20,-0.10946355240909011,-0.32047176620107787,-0.32839065722727034,0.007918891026192476,-0.03782867552730729,0.22250779666978576,30,0.47619047619047616,-0.1319320877817317,0.012371944612554035,-0.3396934290920782
2024-12-17,2025-03-21,-0.10257558790593502,-0.30456334502756166,-0.30772676371780505,0.0031634186902433914,-0.03780312948007447,0.22266619390154335,31,0.49206349206349204,-0.1319320877817316,0.012363419599296512,-0.32442416340721403
2024-12-18,2025-03-24,-0.04997386101806578,-0.17238180107760825,-0.14992158305419734,-0.022460218023410916,-0.03478654306700579,0.21569170610893468,32,0.5079365079365079,-0.13193208778173182,0.011478959629659077,-0.1944207577049587
2024-12-19,2025-03-25,-0.04027850710854419,-0.14681465336271282,-0.12083552132563258,-0.025979132037080244,-0.03482130882073087,0.21593434734968966,33,0.5238095238095238,-0.1319320877817317,0.011491692952498017,-0.16829358705053787
2024-12-20,2025-03-26,-0.06609339451663898,-0.2144906563536766,-0.19828018354991694,-0.016210472803759646,-0.03563594625785382,0.21799699532847014,32,0.5079365079365079,-0.1319320877817316,0.011754021098253228,-0.23666144766951724
2024-12-23,2025-03-27,-0.0788915026679673,-0.24627234888225968,-0.23667450800390188,-0.0095978408783578,-0.035544749362065975,0.2174010032252099,31,0.49206349206349204,-0.13193208778173204,0.01172060152697282,-0.26757582882671027
2024-12-24,2025-03-28,-0.11514076534078033,-0.33293990101447934,-0.345422296022341,0.012482395007861635,-0.0371859912580238,0.22099313116362837,30,0.47619047619047616,-0.13193208778173182,0.012229887601357712,-0.3516508367254638
2024-12-26,2025-03-31,-0.11457703927492524,-0.3316632535726869,-0.3437311178247757,0.012067864252088834,-0.037184661239600514,0.22101043528339895,30,0.47619047619047616,-0.13193208778173193,0.012229427976523507,-0.3507082152974502
2024-12-27,2025-04-01,-0.09541488058787517,-0.28706965348190094,-0.2862446417636255,-0.0008250117182754257,-0.03683923388297805,0.22063638342853972,31,0.49206349206349204,-0.1319320877817317,0.012117703716677596,-0.3075832742735647
2024-12-30,2025-04-02,-0.07653071119644694,-0.2411831064291019,-0.22959213358934083,-0.011590972839761071,-0.03646028482504127,0.2200020232037227,32,0.5079365079365079,-0.13193208778173182,0.011994084232938905,-0.26249077036672375
2024-12-31,2025-04-03,-0.11847896250220036,-0.3463928213421529,-0.3554368875066011,0.009044066164448195,-0.04584535276723478,0.24330513502071555,32,0.5079365079365079,-0.1647019572953735,0.014787763745299847,-0.36433716668772886
2025-01-02,2025-04-04,-0.17160888226878113,-0.4650380397445416,-0.5148266468063434,0.04978860706180177,-0.05894154551827069,0.27148974243862484,32,0.5079365079365079,-0.2165814056939499,0.01864145386905058,-0.4774259188604856
2025-01-03,2025-04-07,-0.182980446604188,-0.48638144359351687,-0.548941339812564,0.06255989621904712,-0.05823324710129163,0.2689003741460352,32,0.5079365079365079,-0.2165814056939499,0.01837945880402581,-0.4993932038834953
2025-01-06,2025-04-08,-0.20680977618484775,-0.53032372497928,-0.6204293285545432,0.0901056035752632,-0.05883327440690733,0.2688845775205202,31,0.49206349206349204,-0.22883303677342814,0.01857167578141449,-0.5434808121112545
2025-01-07,2025-04-09,-0.09546178034861597,-0.32506592897854936,-0.2863853410458479,-0.03868058793270146,-0.08802992809059074,0.3637179232103776,32,0.5079365079365079,-0.2288330367734278,0.03266064457799543,-0.3474323989084599
2025-01-08,2025-04-10,-0.1340850427930984,-0.41149362859100924,-0.4022551283792952,-0.009238500211714018,-0.09358842094199549,0.372908560380857,31,0.49206349206349204,-0.22883303677342814,0.034469601146848855,-0.42811105602379773
2025-01-10,2025-04-11,-0.10408328239910114,-0.34830970717639875,-0.3122498471973034,-0.03605985997909533,-0.09377021803280272,0.3740654232971964,32,0.5079365079365079,-0.22883303677342814,0.03456311333835105,-0.367694910842119
2025-01-13,2025-04-14,-0.09510246063770844,-0.32858455009018483,-0.2853073819131253,-0.04327716817705951,-0.09386457611268217,0.3744103310892101,33,0.5238095238095238,-0.22883303677342792,0.03459872849461848,-0.34762593713008016
2025-01-14,2025-04-15,-0.09323275520709584,-0.32441477518142414,-0.2796982656212875,-0.04471650956013662,-0.09386548779149417,0.37444132321626494,34,0.5396825396825397,-0.22883303677342814,0.03459906983947846,-0.3427930306230207
2025-01-15,2025-04-16,-0.1403522353396558,-0.4252005000135656,-0.4210567060189674,-0.004143793994598188,-0.09519546844132443,0.3755175202525747,33,0.5238095238095238,-0.22883303677342837,0.03497901537368518,-0.44003461918892217
2025-01-16,2025-04-17,-0.13444297185624055,-0.41317723637208503,-0.40332891556872164,-0.009848320803363397,-0.09505977957507472,0.3754052468992782,33,0.5238095238095238,-0.22883303677342826,0.03492996378169926,-0.4300138836299383
2025-01-17,2025-04-21,-0.16987388354352695,-0.4829252549151999,-0.5096216506305808,0.02669639571538096,-0.09609852621193671,0.37611856451444137,32,0.5079365079365079,-0.22883303677342803,0.03525747949211513,-0.49651190762569175
2025-01-21,2025-04-22,-0.15304878048780524,-0.451847260983279,-0.4591463414634157,0.0072990804801367215,-0.09775102891194476,0.3801892391109186,32,0.5079365079365079,-0.22883303677342837,0.03591224843481661,-0.46687174633222883
2025-01-22,2025-04-23,-0.14477620364621502,-0.4361806168851071,-0.43432861093864505,-0.0018520059464620653,-0.09863503694211051,0.38229958789190266,32,0.5079365079365079,-0.22883303677342803,0.03626307126935447,-0.4527334851936219
2025-01-23,2025-04-24,-0.12257810153199067,-0.3924627961319922,-0.367734304595972,-0.024728491536020192,-0.1006112095729913,0.38700633469872087,32,0.5079365079365079,-0.22883303677342803,0.03705024769005694,-0.40978039393253374
2025-01-24,2025-04-25,-0.10775447010176897,-0.3613166069862198,-0.3232634103053069,-0.03805319668091289,-0.10084931123036811,0.3877821721975434,33,0.5238095238095238,-0.22883303677342814,0.037142589854060055,-0.3791354466858794
2025-01-27,2025-04-28,-0.08128974543474432,-0.3008590347776867,-0.24386923630423296,-0.05698979847345376,-0.09836853780814414,0.38370875612937155,33,0.5238095238095238,-0.22883303677342826,0.036295026894093835,-0.31993934799090273
2025-01-28,2025-04-29,-0.08869128610030375,-0.31727852217800223,-0.26607385830091124,-0.051204663877090995,-0.09791596540525382,0.38268376240116514,33,0.5238095238095238,-0.2288330367734278,0.0361201983921045,-0.33611615245009074
2025-01-29,2025-04-30,-0.08709175738724717,-0.3136700050736042,-0.2612752721617415,-0.052394732911862696,-0.09790641499528763,0.38268704989624425,33,0.5238095238095238,-0.22883303677342803,0.03611668713440693,-0.3318724129534947
2025-01-30,2025-05-01,-0.07909377688557495,-0.2957830497409686,-0.23728133065672485,-0.05850171908424373,-0.09830377625714615,0.38359769815626493,33,0.5238095238095238,-0.22883303677342814,0.036269102324197895,-0.3174221474089216
2025-01-31,2025-05-02,-0.06406402573282977,-0.26120266156860783,-0.1921920771984893,-0.06901058437011853,-0.09887113574044426,0.3849063253203322,34,0.5396825396825397,-0.22883303677342792,0.036487331834963055,-0.28155222437137384
2025-02-03,2025-05-05,-0.062110362664299146,-0.25650031273169416,-0.18633108799289744,-0.07016922473879672,-0.09879088008994208,0.3847703446849452,34,0.5396825396825397,-0.22883303677342814,0.03645847530416943,-0.2765113974231914
2025-02-04,2025-05-06,-0.08210193147367806,-0.3029186858793048,-0.24630579442103417,-0.05661289145827064,-0.09863628090436882,0.38422480411433296,33,0.5238095238095238,-0.22883303677342803,0.03639431279100918,-0.32169754931261196
2025-02-05,2025-05-07,-0.08266109898453045,-0.3041812283967815,-0.24798329695359134,-0.056197931443190186,-0.09862250936474548,0.38419040908492774,33,0.5238095238095238,-0.22883303677342803,0.03638913334388801,-0.3226339391078594
2025-02-06,2025-05-08,-0.07800226586102776,-0.29368875770375236,-0.2340067975830833,-0.059681960120669064,-0.09883034844955496,0.38466635249460324,33,0.5238095238095238,-0.2288330367734286,0.03646849058220232,-0.31275433089175664
2025-02-07,2025-05-09,-0.06683622733878913,-0.2673541674605535,-0.2005086820163674,-0.06684548544418611,-0.09838636088758757,0.38394238925505597,33,0.5238095238095238,-0.22883303677342792,0.036309824901939694,-0.28719932309923857
2025-02-10,2025-05-12,-0.04043457723193167,-0.20662151617053237,-0.121303731695795,-0.08531778447473737,-0.10204070958910827,0.39204481420067994,33,0.5238095238095238,-0.22883303677342814,0.037823056069773535,-0.22804764128911692
2025-02-11,2025-05-13,-0.02348529328206994,-0.16437837455058846,-0.07045587984620982,-0.09392249470437863,-0.10262636490320176,0.39325795007892683,34,0.5396825396825397,-0.22883303677342826,0.0380496677736141,-0.18687522051040806
2025-02-12,2025-05-14,-0.018209350747681707,-0.15085008733314131,-0.05462805224304512,-0.09622203509009619,-0.10272060494085855,0.39344385721494507,34,0.5396825396825397,-0.22883303677342826,0.03808524070533247,-0.17417840375586868
2025-02-13,2025-05-15,-0.031069229333830828,-0.18329726649624667,-0.09320768800149248,-0.09008957849475419,-0.1021872581026968,0.39236586592535955,34,0.5396825396825397,-0.22883303677342814,0.03787949812836323,-0.20509066336299175
2025-02-14,2025-05-16,-0.03092074700362335,-0.1829249169512125,-0.09276224101087005,-0.09016267594034244,-0.10219074255711191,0.39237300779315626,34,0.5396825396825397,-0.22883303677342792,0.03788081401142345,-0.20460870533229447
2025-02-18,2025-05-19,-0.0321856981292995,-0.1861101223430307,-0.0965570943878985,-0.0895530279551322,-0.10217945260072703,0.3923482505898621,34,0.5396825396825397,-0.22883303677342814,0.03787659381486505,-0.20743445071357502
2025-02-19,2025-05-20,-0.035679863582443794,-0.19492054837837336,-0.10703959074733138,-0.08788095763104198,-0.10220943832947205,0.39239593562616654,33,0.5238095238095238,-0.22883303677342803,0.03788762715942478,-0.21581858407079701
2025-02-20,2025-05-21,-0.04502726951212732,-0.21853338649154197,-0.13508180853638196,-0.08345157795516,-0.10270031071459473,0.3932660239641135,33,0.5238095238095238,-0.22554585559257656,0.03806272760528175,-0.2391937290033601
2025-02-21,2025-05-22,-0.022962287104623447,-0.16196742574957967,-0.06888686131387034,-0.09308056443570933,-0.10148171907559322,0.3911119155548648,34,0.5396825396825397,-0.2091316909975669,0.03763547508800409,-0.1842073826305104
2025-02-24,2025-05-23,-0.020447419547194867,-0.15533782392788964,-0.0613422586415846,-0.09399556528630504,-0.10133094395079734,0.39083487261269245,34,0.5396825396825397,-0.19968453651874507,0.03758189443693161,-0.17819083023544036
2025-02-25,2025-05-27,0.01539001013013297,-0.06020277714265265,0.04617003039039891,-0.10637280753305156,-0.10229116704185803,0.39278786333145327,35,0.5555555555555556,-0.1914256840796018,0.037976589527618156,-0.08606029373872759
2025-02-26,2025-05-28,0.008453824626865503,-0.0793698196093251,0.025361473880596508,-0.1047312934899216,-0.10232908145857655,0.39289356342003845,34,0.5396825396825397,-0.1914256840796018,0.037990396000452085,-0.10355862775217617
2025-02-27,2025-05-29,0.03929877865952336,0.010224889459517605,0.11789633597857008,-0.10767144651905247,-0.10009469194514942,0.3886971262238766,35,0.5555555555555556,-0.18125824035263782,0.037223014725036765,-0.017727526521496673
2025-02-28,2025-05-30,0.021528228742349498,-0.04003278283048728,0.0645846862270485,-0.10461746905753577,-0.09945527825451572,0.3875433011061299,34,0.5396825396825397,-0.18125824035263793,0.036976131474027056,-0.06567004805125554
2025-03-03,2025-06-02,0.05263052006840341,0.05175817263998428,0.15789156020521022,-0.10613338756522595,-0.09824611541810391,0.3850823148972863,35,0.5555555555555556,-0.1712117288500229,0.036559670763922664,0.021832191780820853
2025-03-04,2025-06-03,0.06407022500252202,0.08625770212704409,0.19221067500756606,-0.10595297288052197,-0.09838319821772312,0.38522126139492424,36,0.5714285714285714,-0.17121172885002278,0.03661167112049164,0.05727889193478508
2025-03-05,2025-06-04,0.053305711041612636,0.05411795675878217,0.1599171331248379,-0.10579917636605574,-0.09795979558067236,0.38449363805666154,36,0.5714285714285714,-0.1712117288500229,0.03644950504330382,0.02582974586862874
2025-03-06,2025-06-05,0.07494879147890132,0.12299393822129523,0.22484637443670397,-0.10185243621540874,-0.09590496412609106,0.38050496137626494,36,0.5714285714285714,-0.15685161917885948,0.03574939154030059,0.0925196850393688
2025-03-07,2025-06-06,0.07753309339352121,0.13097681450819842,0.23259928018056364,-0.10162246567236521,-0.09601369678898442,0.3806891131058981,36,0.5714285714285714,-0.15685161917885948,0.03579087418322212,0.10087524106215606
2025-03-10,2025-06-09,0.12262813868381439,0.28542635336686595,0.3678844160514432,-0.08245806268457723,-0.0914696733824456,0.37181299370267384,37,0.5873015873015873,-0.15685161917885948,0.03429098376080255,0.24627988630663733
2025-03-11,2025-06-10,0.13276081424936348,0.3204001592567782,0.39828244274809044,-0.07788228349131221,-0.09157115229544566,0.3718069248082932,38,0.6031746031746031,-0.15685161917885926,0.034329013642838,0.28540010150566575
2025-03-12,2025-06-11,0.116350750650003,0.26426740697842765,0.349052251950009,-0.08478484497158134,-0.09126566870681396,0.37151420548809283,37,0.5873015873015873,-0.15685161917885948,0.03421311167405189,0.23016522165875908
2025-03-13,2025-06-12,0.13947132425161124,0.34580718858786574,0.4184139727548337,-0.07260678416696797,-0.09035352075526681,0.3692835182604613,38,0.6031746031746031,-0.15685161917885948,0.03389496802495484,0.30974216992559134
2025-03-14,2025-06-13,0.09861151649084743,0.20755648755982792,0.2958345494725423,-0.08827806191271437,-0.08930067738262237,0.3677588469713,37,0.5873015873015873,-0.15685161917885948,0.03346837944884545,0.17676522863144206
2025-03-17,2025-06-16,0.10671748451643626,0.23394590153670447,0.32015245354930877,-0.0862065520126043,-0.08969735173124171,0.368446463951758,37,0.5873015873015873,-0.15685161917885937,0.033619827695812926,0.2014582342685043
2025-03-18,2025-06-17,0.1149323555443158,0.2624110103330721,0.3447970666329474,-0.08238605629987528,-0.08913247860422346,0.36721072264487564,37,0.5873015873015873,-0.1568516191788596,0.03342429900910636,0.2278417626439646
2025-03-19,2025-06-18,0.10002287425398682,0.21306915933618442,0.30006862276196045,-0.08699946342577602,-0.08866004058765975,0.3665009642288577,36,0.5714285714285714,-0.15685161917885937,0.03324526661833447,0.18026992287917687
2025-03-20,2025-06-20,0.09925718816508744,0.21051869011048474,0.2977715644952623,-0.08725287438477758,-0.08867442845877405,0.36654328767546174,36,0.5714285714285714,-0.15685161917885937,0.033250450533985815,0.17613636363636265
2025-03-21,2025-06-23,0.1056692454870638,0.23156355116609872,0.3170077364611914,-0.08544418529509268,-0.08886833944618089,0.36682979423258294,36,0.5714285714285714,-0.15685161917885937,0.033323287302893106,0.20135091669346994
2025-03-24,2025-06-24,0.10011005584314958,0.21370198947063446,0.30033016752944874,-0.08662817805881429,-0.08840137722651287,0.36591652252155243,36,0.5714285714285714,-0.15685161917885937,0.03314005070132858,0.18100710721306434
2025-03-25,2025-06-25,0.09666436995906413,0.2024255482634958,0.2899931098771924,-0.08756756161369661,-0.08833140587193966,0.36583305129953525,36,0.5714285714285714,-0.15685161917885948,0.03311402161494566,0.16594859604813506
2025-03-26,2025-06-26,0.1276683595524175,0.3083798519062899,0.38300507865725253,-0.07462522675096261,-0.08759078559973743,0.3638337627572841,37,0.5873015873015873,-0.14104628597382207,0.032862864378744396,0.2721678763016713
2025-03-27,2025-06-27,0.1380133715377263,0.34480581451113834,0.4140401146131789,-0.06923430010204057,-0.08753233539467331,0.36349005658495903,38,0.6031746031746031,-0.13612391511980382,0.032842117660493615,0.30690208667736685
2025-03-28,2025-06-30,0.17635518403207184,0.4885040480398142,0.5290655520962155,-0.040561504056401354,-0.08560338860107852,0.3588783686932777,39,0.6190476190476191,-0.12619972697679305,0.03219091609192531,0.44750610394140167
2025-03-31,2025-07-01,0.1664889533395879,0.45104807205031916,0.4994668600187637,-0.048418787968444565,-0.0858027524869156,0.3595423391966425,39,0.6190476190476191,-0.12619972697679294,0.03226196923408204,0.41169284467713685
2025-04-01,2025-07-02,0.16522107044637124,0.4463910236362816,0.49566321133911373,-0.04927218770283215,-0.08575892356711623,0.35948253526863655,39,0.6190476190476191,-0.12619972697679294,0.03224550497105048,0.4073694984646874
2025-04-02,2025-07-03,0.16816129370996458,0.457183737296869,0.5044838811298937,-0.04730014383302472,-0.08587438311631779,0.35965126012660215,39,0.6190476190476191,-0.12619972697679294,0.032289067071611006,0.4151510095110966
2025-04-03,2025-07-07,0.2249367594195164,0.6967524279697745,0.6748102782585492,0.021942149711225323,-0.076838941895638,0.34172923719939824,39,0.6190476190476191,-0.0767762836728354,0.029479972004870073,0.6485089463220675
2025-04-04,2025-07-08,0.30678780135803274,1.0888125185689708,0.9203634040740982,0.16844911449487254,-0.06398190114060298,0.31478821615569397,40,0.6349206349206349,-0.07057939914163103,0.025622771037794322,1.0206862983694323
2025-04-07,2025-07-09,0.31287025891571685,1.117839955546653,0.9386107767471505,0.1792291787995024,-0.06410375014798309,0.31480430399204834,40,0.6349206349206349,-0.07057939914163103,0.025667059217992592,1.0545454545454547
2025-04-08,2025-07-10,0.33502379464500276,1.2291319393684828,1.0050713839350083,0.22406055543347447,-0.06315281656339222,0.3117145915803871,40,0.6349206349206349,-0.07057939914163092,0.025344823387637803,1.1686375321336748
2025-04-09,2025-07-11,0.1892703862660936,0.6278913192292088,0.5678111587982808,0.06008016043092801,-0.032204512032774635,0.20594511611479754,39,0.6190476190476191,-0.07057939914163114,0.010942503315014217,0.5913324463029845
2025-04-10,2025-07-14,0.24660450939082845,0.8862874750342258,0.7398135281724854,0.14647394686174042,-0.026307554747122763,0.18415154412166707,40,0.6349206349206349,-0.05432433022555083,0.009146670264779158,0.8337667967056781
2025-04-11,2025-07-15,0.22517605633802784,0.7924111167550782,0.6755281690140835,0.11688294774099472,-0.02536472346475316,0.1817252254059567,40,0.6349206349206349,-0.05432433022555083,0.008808101942275654,0.7461918484973236
2025-04-14,2025-07-16,0.21817347206435156,0.7620854790575504,0.6545204161930547,0.10756506286449574,-0.025235825626844344,0.1816410671251387,40,0.6349206349206349,-0.05432433022555083,0.008763206644109591,0.7151209677419348
2025-04-15,2025-07-17,0.22666433764929295,0.7988496607190936,0.6799930129478788,0.11885664777121474,-0.025419650434422625,0.18185123717149526,40,0.6349206349206349,-0.05432433022555072,0.00882745621016476,0.7483430407712393
2025-04-16,2025-07-18,0.26358683416632833,0.9720556387728241,0.790760502498985,0.18129513627383909,-0.022528986811649054,0.16892902208122013,40,0.6349206349206349,-0.02492232878562739,0.007919146738871157,0.915433870611615
2025-04-17,2025-07-21,0.27036703445169974,1.003812264075345,0.8111011033550992,0.19271116072024586,-0.02260664071418539,0.16875906831742743,41,0.6507936507936508,-0.02474667867597391,0.007945996066143355,0.950177147918513
2025-04-21,2025-07-22,0.295860174089724,1.1308964283729712,0.887580522269172,0.24331590610379927,-0.02076277837251006,0.15956332004709206,41,0.6507936507936508,-0.02446313289017421,0.007360386295917055,1.0711896798853324
2025-04-22,2025-07-23,0.2684710223182145,1.0023574526331238,0.8054130669546435,0.19694438567848027,-0.01893008662983675,0.15313090873010488,41,0.6507936507936508,-0.024463132890174544,0.006692024219041833,0.9494007989347537
2025-04-23,2025-07-24,0.24298222456881358,0.886776744354385,0.7289466737064407,0.1578300706479443,-0.017515379786346208,0.1482875635706107,41,0.6507936507936508,-0.024463132890174433,0.0061822540972202855,0.8401664932362123
2025-04-24,2025-07-25,0.2118754680646191,0.7524728587206162,0.6356264041938573,0.1168464545267589,-0.015360354728538916,0.13958673650024525,41,0.6507936507936508,-0.024463132890174544,0.005396351549928176,0.7054085155350969
2025-04-25,2025-07-28,0.20226003047232188,0.7116586458448766,0.6067800914169657,0.10487855442791094,-0.015032431707872385,0.13862384062494001,41,0.6507936507936508,-0.02446313289017421,0.005281841154692783,0.6669142220571853
2025-04-28,2025-07-29,0.20077898435680908,0.705328926300528,0.6023369530704272,0.10299197323010079,-0.015039252311231155,0.13876418204829954,41,0.6507936507936508,-0.02446313289017421,0.005284139533809549,0.6607209215904863
2025-04-29,2025-07-30,0.19449876979370417,0.6789182827059097,0.5834963093811125,0.09542197332479718,-0.014917876307820821,0.1385993696657269,41,0.6507936507936508,-0.024463132890174544,0.005242315997399208,0.6345908511026068
2025-04-30,2025-07-31,0.18831892653584892,0.652853615259305,0.5649567796075468,0.08789683565175821,-0.01500199862367313,0.13943631244877663,41,0.6507936507936508,-0.024463132890174544,0.00527038063543568,0.6073250728862976
2025-05-01,2025-08-01,0.149892044510878,0.49653829675498806,0.449676133532634,0.046862163222354036,-0.015724608844774668,0.14490496550355075,40,0.6349206349206349,-0.0250994473193229,0.005487838556757681,0.4606306147613186
2025-05-02,2025-08-04,0.15397991121657761,0.5120452466660765,0.46193973364973284,0.050105513016343695,-0.01605677087819435,0.1463508351528541,40,0.6349206349206349,-0.025099447319322787,0.005607961184852656,0.4716473161702852
2025-05-05,2025-08-05,0.15298499783919484,0.5080871359973302,0.4589549935175845,0.04913214247974573,-0.016089792816124437,0.14655709249473195,40,0.6349206349206349,-0.02509944731932301,0.00561886458619317,0.46643835616438256
2025-05-06,2025-08-06,0.17845495523566157,0.6099427688641952,0.5353648657069847,0.07457790315721047,-0.01628005439735203,0.14604838547859422,41,0.6507936507936508,-0.02509944731932301,0.005690679404798698,0.5657384561156147
2025-05-07,2025-08-07,0.17781915994206376,0.6073572214154677,0.5334574798261913,0.07389974158927637,-0.0162685383266592,0.14603318543187108,41,0.6507936507936508,-0.025099447319322676,0.00568671989648903,0.5634146341463417
2025-05-08,2025-08-08,0.1766573143009278,0.6026958192994947,0.5299719429027834,0.0727238763967113,-0.016212935978880294,0.14583355325080033,41,0.6507936507936508,-0.0250994473193229,0.00566713319019274,0.5591270512603619
2025-05-09,2025-08-11,0.17394511957702274,0.5915986246919254,0.5218353587310682,0.06976326596085713,-0.016237709581651494,0.14611675565216606,41,0.6507936507936508,-0.025099447319322676,0.005675458427325384,0.5490927590300145
2025-05-12,2025-08-12,0.1421679629811945,0.4717353507240176,0.4265038889435835,0.045231461780434135,-0.012266465738890897,0.12565033582803115,41,0.6507936507936508,-0.025099447319322787,0.004173666868496062,0.43276357585841807
2025-05-13,2025-08-13,0.12558428208460182,0.409497490765963,0.37675284625380545,0.03274464451215753,-0.01160566534903884,0.1228319506659161,41,0.6507936507936508,-0.0250994473193229,0.003941637258392635,0.37199884292739416
2025-05-14,2025-08-14,0.11801110511297885,0.3813822586331277,0.35403331533893656,0.02734894329419113,-0.011502621670236635,0.12266305123596213,40,0.6349206349206349,-0.0250994473193229,0.003906320859120576,0.34451392836839156
2025-05-15,2025-08-15,0.11187289359653296,0.3586795108795411,0.3356186807895989,0.023060830089942197,-0.011557072726111617,0.12328201448287858,39,0.6190476190476191,-0.025099447319322787,0.003924450183458204,0.3213374893737604
2025-05-16,2025-08-18,0.10661348775670643,0.33956461441993246,0.3198404632701193,0.019724151149813185,-0.011502013271254663,0.12323495006922473,38,0.6031746031746031,-0.025099447319322676,0.003905665230086767,0.3035689293212034
2025-05-19,2025-08-19,0.09055382080803076,0.2813550530379265,0.2716614624240923,0.009693590613834235,-0.012065447574068133,0.12693001329828255,37,0.5873015873015873,-0.0250994473193229,0.004088825901026716,0.2470686767169188
2025-05-20,2025-08-20,0.08770446114517472,0.27124378573475316,0.26311338343552415,0.008130402299229011,-0.012138377868267325,0.12743125517519793,37,0.5873015873015873,-0.025099447319322787,0.004112967035929057,0.23726900832275333
2025-05-21,2025-08-21,0.09792608763449162,0.3081224827927489,0.29377826290347486,0.014344219889274035,-0.011608284055380058,0.12422723996751506,37,0.5873015873015873,-0.02939656063686813,0.003941285679551921,0.2730350309096268
2025-05-22,2025-08-22,0.11278210116731424,0.36102539766832,0.3383463035019427,0.022679094166377256,-0.012275480430584351,0.1273061439198224,37,0.5873015873015873,-0.029396560636868463,0.004175791929119673,0.3234734221701572
2025-05-23,2025-08-25,0.11994344513392496,0.38780275195537484,0.3598303354017749,0.027972416553599944,-0.012039758463633143,0.12569746582842822,37,0.5873015873015873,-0.02939656063686824,0.004098353236241521,0.35087454764776793
2025-05-27,2025-08-26,0.09859560262461087,0.3119296126612421,0.2957868078738326,0.01614280478740948,-0.010542907247066746,0.11782052684136421,37,0.5873015873015873,-0.02939656063686824,0.003561038243603198,0.27755850014096417
2025-05-28,2025-08-27,0.10518201614923628,0.3357378305163232,0.31554604844770884,0.020191782068614383,-0.010490887208777333,0.1171979303100061,38,0.6031746031746031,-0.02939656063686813,0.0035437582433322573,0.30001427959446003
2025-05-29,2025-08-28,0.10991864289423603,0.35284496102371277,0.3297559286827081,0.02308903234100468,-0.010593885565290617,0.11756419541992352,38,0.6031746031746031,-0.029396560636868352,0.0035790809940800285,0.3173227227511721
2025-05-30,2025-08-29,0.098803721754541,0.31207326845348504,0.296411165263623,0.015662103189862053,-0.010996742074923405,0.12035880162205467,38,0.6031746031746031,-0.02939656063686824,0.003710586257941051,0.2765714285714298
2025-06-02,2025-09-02,0.08105731924084014,0.24948169610711957,0.24317195772252043,0.0063097383845991395,-0.011028596528181667,0.12125521874408167,37,0.5873015873015873,-0.029396560636868352,0.00371843155801341,0.21603128054740917
2025-06-03,2025-09-03,0.0811113218281807,0.2496660836242135,0.24333396548454211,0.006332118139671383,-0.011030867614692297,0.12126631437220181,37,0.5873015873015873,-0.029396560636868463,0.0037192211833544917,0.2160207423580789
2025-06-04,2025-09-04,0.08786428882122621,0.2729540426510826,0.26359286646367863,0.009361176187403952,-0.011245294655069182,0.12222876803406463,37,0.5873015873015873,-0.02939656063686802,0.0037933794420041164,0.2389332611344246
2025-06-05,2025-09-05,0.09769622134567979,0.3079998431425648,0.29308866403703937,0.014911179105525418,-0.011079945183815498,0.12088510267966171,38,0.6031746031746031,-0.02939656063686824,0.0037388071510334213,0.272626472626472
2025-06-06,2025-09-08,0.0923724335748779,0.2893300579159146,0.2771173007246337,0.012212757191280899,-0.010873331457488256,0.11991689869143336,38,0.6031746031746031,-0.029396560636868352,0.0036670444379688547,0.25495216278129496
2025-06-09,2025-09-09,0.09385716977576752,0.294571963397088,0.28157150932730257,0.01300045406978545,-0.010890566412110836,0.11994966259131025,38,0.6031746031746031,-0.029396560636867908,0.003672904377549061,0.2595921652803872
2025-06-10,2025-09-10,0.08702570150315303,0.27063158325969705,0.2610771045094591,0.00955447875023796,-0.0107633267568783,0.11950844205258676,38,0.6031746031746031,-0.02939656063686824,0.003629267747082843,0.23703606212161143
2025-06-11,2025-09-11,0.09704926654270207,0.3060207099649872,0.2911477996281062,0.014872910336880985,-0.010828330265261865,0.11944570545113453,39,0.6190476190476191,-0.02939656063686802,0.003651793411546338,0.2708776595744675
2025-06-12,2025-09-12,0.09931417007083154,0.3140719937899512,0.2979425102124946,0.016129483577456583,-0.01086930005789044,0.11957709761785065,39,0.6190476190476191,-0.02939656063686824,0.0036657928613248393,0.2783723080988252
2025-06-13,2025-09-15,0.1228176711704867,0.4005563602507387,0.3684530135114601,0.032103346739278615,-0.010597797150551869,0.1168929117989498,40,0.6349206349206349,-0.02939656063686813,0.0035813904041963715,0.36248798572017105
2025-06-16,2025-09-16,0.10647775552602345,0.3410440688374887,0.31943326657807036,0.02161080225941836,-0.010046061917733828,0.11441296110380704,39,0.6190476190476191,-0.029396560636868463,0.003388617134019049,0.3055408970976259
2025-06-17,2025-09-17,0.11514326755878113,0.3731847025823125,0.3454298026763434,0.027754899905969133,-0.009768000783312636,0.11230856255734718,39,0.6190476190476191,-0.02939656063686802,0.003297514136052104,0.33673191952147885
2025-06-18,2025-09-18,0.12538989394884537,0.4110505995633491,0.3761696818465361,0.03488091771681301,-0.010003737417074499,0.1131679096845628,40,0.6349206349206349,-0.029396560636868463,0.0033787905718162307,0.3746256466104012
2025-06-20,2025-09-19,0.13765351251826963,0.45756156527508574,0.4129605375548089,0.044601027720276853,-0.01008735558894902,0.11291627624176656,41,0.6507936507936508,-0.02939656063686813,0.003407943320881819,0.4213940648723251
2025-06-23,2025-09-22,0.13270008464215177,0.4388616426866745,0.3981002539264553,0.040761388760219175,-0.009910997922638831,0.11213655008350287,41,0.6507936507936508,-0.02939656063686824,0.0033468494619542473,0.4018741633199465
2025-06-24,2025-09-23,0.1082292785949821,0.34833333825820145,0.3246878357849463,0.023645502473255142,-0.009376984974981628,0.11013541362268792,40,0.6349206349206349,-0.02939656063686813,0.0031571240286234646,0.3138284250960304
2025-06-25,2025-09-24,0.10152265503732716,0.32397859824347996,0.3045679651119815,0.01941063313149849,-0.009394662364035078,0.11060127185338146,39,0.6190476190476191,-0.02939656063686802,0.0031629116718052495,0.2921763506625896
2025-06-26,2025-09-25,0.08661345245505436,0.2711960305323178,0.2598403573651631,0.01135567316715469,-0.009197038639338961,0.11006376677604117,38,0.6031746031746031,-0.029396560636868352,0.003094071650709329,0.24085328041671894
2025-06-27,2025-09-26,0.0873579156707831,0.27379109720756056,0.2620737470123493,0.011717350195211251,-0.00921220502260145,0.11012515591917192,38,0.6031746031746031,-0.02939656063686813,0.003099251395675152,0.24355195283714082
2025-06-30,2025-09-29,0.08536364295554999,0.2668715531744572,0.25609092886664997,0.01078062430780724,-0.009152597070186563,0.10983762773361239,38,0.6031746031746031,-0.029396560636868574,0.003078746507697817,0.23614457831325164
2025-07-01,2025-09-30,0.09758862136419233,0.3104201431015845,0.292765864092577,0.017654279009007512,-0.008958657529276381,0.10806333716315522,39,0.6190476190476191,-0.029396560636868352,0.0030151943860884487,0.2782791445172459
2025-07-02,2025-10-01,0.09522512708787123,0.30207027258067787,0.2856753812636137,0.016394891317064175,-0.008884594475918273,0.10770417552206334,39,0.6190476190476191,-0.02939656063686824,0.0029896893047823723,0.27103030303030295
2025-07-03,2025-10-02,0.08901154219553464,0.28033264705921,0.26703462658660393,0.013298020472606087,-0.008653742621593685,0.10649668145063483,39,0.6190476190476191,-0.02939656063686813,0.0029097599872702634,0.25150336045277655
2025-07-07,2025-10-03,0.09265800771697119,0.293392160322689,0.2779740231509136,0.015418137171775426,-0.008534822173736134,0.10557003277376338,39,0.6190476190476191,-0.02939656063686824,0.002870736426844242,0.26266280752532656
2025-07-08,2025-10-06,0.10024622515117443,0.3203087337533934,0.3007386754535233,0.01957005829987013,-0.00869833759412586,0.10625041384407254,39,0.6190476190476191,-0.02939656063686824,0.0029268241164527287,0.2891725882211251
2025-07-09,2025-10-07,0.0867595505617964,0.2724293266304618,0.2602786516853892,0.012150674945072604,-0.008635704431909419,0.10650275093263924,38,0.6031746031746031,-0.02939656063686802,0.0029044395314328174,0.24259587020648987
2025-07-10,2025-10-08,0.10080115221892028,0.3218935185799563,0.3024034566567608,0.019490061923195467,-0.00900868864016846,0.10824472735223062,39,0.6190476190476191,-0.02939656063686813,0.00303379050880333,0.2906590801327651
2025-07-11,2025-10-09,0.10194875496210676,0.326046538054394,0.3058462648863203,0.020200273168073712,-0.008997910007277787,0.10811626647587151,39,0.6190476190476191,-0.029396560636868352,0.0030301908083316623,0.2953893932154805
2025-07-14,2025-10-10,0.05985149493896169,0.17516194930515283,0.17955448481688507,-0.004392535511732243,-0.012896547840969719,0.13010246196485256,38,0.6031746031746031,-0.035882506869030495,0.004222116779498557,0.14726391679470585
2025-07-15,2025-10-13,0.08135148728265484,0.24654864751147576,0.24405446184796453,0.002494185663511228,-0.01415511804123637,0.13626893059739967,38,0.6031746031746031,-0.03588250686903072,0.0046716227538453215,0.21690439702935405
2025-07-16,2025-10-14,0.07304993809327254,0.21789794607593893,0.2191498142798176,-0.001251868203878681,-0.014285610258105597,0.13719099469343418,37,0.5873015873015873,-0.035882506869030495,0.0047149436498798375,0.1887857058892679
2025-07-17,2025-10-15,0.07194731221075101,0.2142028736500703,0.21584193663225304,-0.0016390629821827485,-0.01424057669030554,0.13699363092459907,37,0.5873015873015873,-0.035882506869030606,0.004699250517716511,0.18552556002297527
2025-07-18,2025-10-16,0.06900545201867136,0.20418679805282647,0.2070163560560141,-0.0028295580031876266,-0.01427879083471184,0.13727403577765782,37,0.5873015873015873,-0.035882506869030606,0.004712038574595691,0.17636887608069163
2025-07-21,2025-10-17,0.07047521137245782,0.2091029373631681,0.21142563411737347,-0.002322696754205378,-0.01432570385222176,0.13746900566087897,37,0.5873015873015873,-0.035882506869030495,0.004728279357250469,0.18076530032928395
2025-07-22,2025-10-20,0.08960356347438614,0.2746009514925716,0.2688106904231584,0.005790261069413161,-0.014699521633854684,0.13875218678529638,38,0.6031746031746031,-0.035882506869030495,0.004860271134886509,0.2444059976931945
2025-07-23,2025-10-21,0.08437239495574667,0.2564081480059608,0.25311718486724,0.0032909631387207927,-0.014638964584125613,0.138640920213609,37,0.5873015873015873,-0.035882506869030606,0.004839534611364712,0.22688979963570155
2025-07-24,2025-10-22,0.07164474965044842,0.21235461349706353,0.21493424895134527,-0.002579635454281748,-0.014907193232407301,0.14034895168105815,36,0.5714285714285714,-0.035882506869030495,0.004927817479974109,0.182990273693735
2025-07-25,2025-10-23,0.07805851298620925,0.23401829695044718,0.23417553895862775,-0.00015724200818056921,-0.015094417703932494,0.1410805056612736,36,0.5714285714285714,-0.03588250686903072,0.004992691459734117,0.2058029689608638
2025-07-28,2025-10-24,0.08617594254937044,0.26172095347246005,0.25852782764811133,0.0031931258243487193,-0.01539332193341203,0.14229583432703963,36,0.5714285714285714,-0.035882506869030495,0.005096952415584874,0.231454666963689
2025-07-29,2025-10-27,0.10723477770334489,0.3353362875088386,0.32170433311003466,0.013631954398803936,-0.01628001131603818,0.14591241853572282,37,0.5873015873015873,-0.035882506869030495,0.005411717577200332,0.3026404117252175
2025-07-30,2025-10-28,0.11425654026266718,0.3606734352475185,0.34276962078800155,0.017903814459516942,-0.016445725162745783,0.14640767029945045,37,0.5873015873015873,-0.035882506869030495,0.005469058387478836,0.3277957408852714
2025-07-31,2025-10-29,0.12523672147395581,0.40133195582192704,0.37571016442186744,0.0256217914000596,-0.016420800797813384,0.14579776387000454,38,0.6031746031746031,-0.035882506869030495,0.005461254286787153,0.367305294184332
2025-08-01,2025-10-30,0.13029898172889287,0.42103699147622975,0.3908969451866786,0.030140046289551137,-0.01593140028879969,0.1433871288850801,38,0.6031746031746031,-0.035882506869030606,0.0053069525815197735,0.38796430294259654
2025-08-04,2025-10-31,0.11517461443006538,0.3659876178246546,0.34552384329019614,0.020463774534458468,-0.015041032467370208,0.13956610674268208,38,0.6031746031746031,-0.035882506869030606,0.004989759158487376,0.33455293848616496
2025-08-05,2025-11-03,0.12817034644010916,0.4144053583400269,0.3845110393203275,0.02989431901969941,-0.014969104933095778,0.13859726842539413,39,0.6190476190476191,-0.035882506869030495,0.004966555516425664,0.38159738439981195
2025-08-06,2025-11-04,0.09153564126066382,0.2799583026979675,0.2746069237819915,0.005351378915976035,-0.015802950524056003,0.14384970383883164,38,0.6031746031746031,-0.035882506869030495,0.005220229504247745,0.2503376857271491
2025-08-07,2025-11-05,0.09493359567142146,0.2918317508751598,0.28480078701426437,0.007030963860895412,-0.015892344109664336,0.14415734422635523,38,0.6031746031746031,-0.035882506869030495,0.00525112819549484,0.2618676175618455
2025-08-08,2025-11-06,0.06460708380471591,0.18643974633250449,0.19382125141414774,-0.007381505081643258,-0.016719033529027483,0.1487419931746181,37,0.5873015873015873,-0.03790679019142151,0.0055110872725052055,0.15983072916666674
2025-08-11,2025-11-07,0.06439731168717744,0.1857342241504294,0.19319193506153232,-0.007457710911102922,-0.016722620579201042,0.1487639654897716,37,0.5873015873015873,-0.040942479198452286,0.005512288447870454,0.15796387520525434
2025-08-12,2025-11-10,0.07444185846047646,0.21848980356578784,0.2233255753814294,-0.004835771815641543,-0.017634411230146863,0.15294403891621114,37,0.5873015873015873,-0.040942479198452064,0.0058437948626952054,0.1899282094594592
2025-08-13,2025-11-11,0.071044560085467,0.20694304453146173,0.213133680256401,-0.006190635724939275,-0.017654732896059233,0.15313248616603656,36,0.5714285714285714,-0.040942479198452175,0.0058506393679274345,0.17836812144212577
2025-08-14,2025-11-12,0.07103071272137718,0.20689615864201483,0.21309213816413153,-0.006195979522116701,-0.017654792617531,0.15313314376668002,36,0.5714285714285714,-0.04094247919845251,0.0058506595695161185,0.179175475687104
2025-08-15,2025-11-13,0.05379845498319802,0.1481222122625332,0.16139536494959406,-0.013273152687060863,-0.018895095705816156,0.15873456508638567,36,0.5714285714285714,-0.043050159648929776,0.006248137644068189,0.12223890199442389
2025-08-18,2025-11-14,0.055015508308641214,0.15210335480076176,0.16504652492592364,-0.012943170125161885,-0.018896307274639645,0.1587135205971033,37,0.5873015873015873,-0.043050159648929776,0.00624855059769544,0.1245436976594374
2025-08-19,2025-11-17,0.0603920741989874,0.17021562883102703,0.1811762225969622,-0.010960593765935167,-0.0185538513890382,0.15716186618483372,37,0.5873015873015873,-0.05050568601852867,0.00613741173148017,0.14226550257443527
2025-08-20,2025-11-18,0.053737409436295236,0.14791762479076054,0.1612122283088857,-0.01329460351812517,-0.018899429038422566,0.15876491616192853,37,0.5873015873015873,-0.06206647057898307,0.0062504082649304064,0.12142287082430725
2025-08-21,2025-11-19,0.06495881266865355,0.18493501100719167,0.19487643800596066,-0.009941426998768987,-0.018938808335244084,0.15868494062966287,38,0.6031746031746031,-0.06206647057898351,0.006264614766076008,0.15678113076656275
2025-08-22,2025-11-20,0.023952305190831247,0.05209291501347013,0.07185691557249374,-0.01976400055902361,-0.020025191284252175,0.16348040525378446,37,0.5873015873015873,-0.07880208251411724,0.006586961035167253,0.027882274839565735
2025-08-25,2025-11-21,0.034629681582269756,0.08519690936004332,0.10388904474680927,-0.01869213538676595,-0.02016319584217774,0.16394588518429656,38,0.6031746031746031,-0.0788020825141168,0.006635080766649013,0.059939725415782075
2025-08-26,2025-11-24,0.05684497301828473,0.15454540023432717,0.17053491905485418,-0.015989518820527016,-0.021913741415664156,0.1712802353863078,38,0.6031746031746031,-0.07880208251411702,0.007272948670000586,0.1272205671411224
2025-08-27,2025-11-25,0.06172731869779691,0.17049753211049978,0.18518195609339072,-0.014684423982890937,-0.02201650351302753,0.17159593881472807,38,0.6031746031746031,-0.07880208251411724,0.007308577540941352,0.14257469244288168
2025-08-28,2025-11-26,0.06444513758924275,0.17937581843355965,0.19333541276772825,-0.013959594334168601,-0.02212718790092527,0.17199318643393854,38,0.6031746031746031,-0.07880208251411713,0.007347461459094581,0.15145631067961007
2025-08-29,2025-11-28,0.08564165497896181,0.2515210841994864,0.25692496493688544,-0.005403880737399058,-0.02191032303951035,0.17062010126121474,39,0.6190476190476191,-0.0788020825141168,0.007279195273850905,0.22068039391226413
2025-09-02,2025-12-01,0.09113892719493544,0.2708596058924704,0.2734167815848063,-0.0025571756923359334,-0.02173294870997733,0.16974808280861634,39,0.6190476190476191,-0.07880208251411724,0.007220251685421881,0.2413872301332094
2025-09-03,2025-12-02,0.09109407616608434,0.2707052997136512,0.273282228498253,-0.0025769287846018063,-0.021731099033779455,0.16974172897203701,39,0.6190476190476191,-0.07880208251411691,0.00721960153164948,0.2411626080125686
2025-09-04,2025-12-03,0.08394902908401858,0.24618156918283174,0.25184708725205573,-0.005665518069223996,-0.021513717265112642,0.16905065351169538,39,0.6190476190476191,-0.07880208251411669,0.007143643333383758,0.21700174825174834
2025-09-05,2025-12-04,0.08138041176266331,0.23734785299079175,0.24414123528798992,-0.0067933822971981694,-0.0215101754735465,0.16911119313644396,38,0.6031746031746031,-0.07880208251411713,0.007142426646898509,0.2091047702025699
2025-09-08,2025-12-05,0.08051894207680332,0.23441912847502344,0.24155682623040997,-0.0071376977553865295,-0.02148950328068011,0.16904989574382695,38,0.6031746031746031,-0.07880208251411691,0.007135257623881961,0.20584129711156485
2025-09-09,2025-12-08,0.07539921792906124,0.2169709084746383,0.2261976537871837,-0.009226745312545415,-0.021476978457663276,0.16914024335070163,37,0.5873015873015873,-0.07880208251411724,0.007130911879167976,0.18862498668654726
2025-09-10,2025-12-09,0.07637334251765093,0.22027583751324853,0.2291200275529528,-0.00884419003970427,-0.02148111556830279,0.16913071791282128,37,0.5873015873015873,-0.07880208251411669,0.007132326082037495,0.19182891796999701
2025-09-11,2025-12-10,0.07452746199150795,0.21406968609643706,0.22358238597452385,-0.009512699878086783,-0.02143189296065562,0.16897533304334758,37,0.5873015873015873,-0.07880208251411736,0.007115221679093688,0.18551846813853756
2025-09-12,2025-12-11,0.0663416629734419,0.1865650902075744,0.19902498892032572,-0.012459898712751327,-0.021406259812933648,0.1690757105585084,36,0.5714285714285714,-0.07880208251411724,0.007106171939068203,0.15977676725919698
2025-09-15,2025-12-12,0.03708085451595422,0.09051556826606344,0.11124256354786266,-0.02072699528179922,-0.02232610448527772,0.17311064071217855,35,0.5555555555555556,-0.07880208251411713,0.0073984589363278825,0.06459739997984415
2025-09-16,2025-12-15,0.03274806319564272,0.07682430486951031,0.09824418958692815,-0.021419884717417847,-0.022398899336252276,0.1734568566776505,35,0.5555555555555556,-0.07880208251411724,0.007422939131684651,0.051333872271624115
2025-09-17,2025-12-16,0.036864406779661074,0.0897520860925134,0.11059322033898322,-0.020841134246469828,-0.02239861110735497,0.17340005747036577,36,0.5714285714285714,-0.07880208251411713,0.007422882821681087,0.06437506356147638
2025-09-18,2025-12-17,0.008550023516763927,0.002043800932948203,0.02565007055029178,-0.023606269617343578,-0.023225363111984754,0.17671087081154985,35,0.5555555555555556,-0.07880208251411702,0.007685197227780727,-0.02158843335313987
2025-09-19,2025-12-18,0.01628430800033298,0.024791068229889746,0.04885292400099894,-0.024061855771109197,-0.02368565167199177,0.17854326912531535,35,0.5555555555555556,-0.07880208251411724,0.007849334476312564,0.00038842493687951674
2025-09-22,2025-12-19,0.024659581534372643,0.04988963799738544,0.07397874460311793,-0.02408910660573249,-0.024101089829636102,0.18014037153219642,35,0.5555555555555556,-0.07880208251411713,0.007996644985770136,0.02215431627196418
2025-09-23,2025-12-22,0.03512203276496084,0.08248576106293104,0.10536609829488253,-0.022880337231951486,-0.024005131634088572,0.17965873186264986,36,0.5714285714285714,-0.07880208251411724,0.007964778370557568,0.05740181268882161
2025-09-24,2025-12-23,0.04363361852038272,0.10937838354704632,0.13090085556114817,-0.021522472014101846,-0.02403213627366907,0.17964205213711265,37,0.5873015873015873,-0.07880208251411702,0.007974388651299144,0.08490286953949311
2025-09-25,2025-12-24,0.05121897797921027,0.13377931763859063,0.1536569339376308,-0.01987761629904017,-0.024001945142379078,0.17939762258036213,38,0.6031746031746031,-0.07880208251411724,0.007964359562753825,0.10664667666166894
2025-09-26,2025-12-26,0.04684799570448117,0.11975137533805702,0.1405439871134435,-0.020792611775386494,-0.023953009079214493,0.17928404877404835,37,0.5873015873015873,-0.07880208251411724,0.00794746337716508,0.09254320987654352
2025-09-29,2025-12-29,0.036978270672924474,0.08836951774779078,0.11093481201877342,-0.02256529427098264,-0.02396048230205361,0.17945995743505133,36,0.5714285714285714,-0.07880208251411669,0.007949447616504814,0.062183235867445674
2025-09-30,2025-12-30,0.03174708929493453,0.07198772132342124,0.09524126788480358,-0.023253546561382343,-0.02395452161030054,0.17950459161734977,35,0.5555555555555556,-0.07880208251411702,0.007947324050578101,0.046421663442939076
2025-10-01,2025-12-31,0.018334024036469332,0.03057452439012076,0.055002072109407996,-0.024427547719287235,-0.024092536709282908,0.18015119159392304,34,0.5396825396825397,-0.0788020825141168,0.007992633634963235,0.005531184436390779
2025-10-02,2026-01-02,0.012200155184653338,0.012102981870958818,0.036600465553960015,-0.024497483683001198,-0.024054635279692538,0.1800443248726001,33,0.5238095238095238,-0.0788020825141168,0.007979485262168037,-0.013566986998304387
2025-10-03,2026-01-05,0.024553201366092958,0.049474546245322326,0.07365960409827887,-0.02418505785295655,-0.02418303165678959,0.1804592384615221,34,0.5396825396825397,-0.07880208251411702,0.008024853810002045,0.02387774594078329
2025-10-06,2026-01-06,0.025851146105872136,0.05340450501463234,0.07755343831761641,-0.024148933302984066,-0.02424198490655549,0.18068015164492707,34,0.5396825396825397,-0.07880208251411736,0.008045654226544805,0.027840059790732008
2025-10-07,2026-01-07,0.032274073216323584,0.07340254799745272,0.09682221964897075,-0.023419671651518037,-0.02416236632415636,0.18030564690713002,35,0.5555555555555556,-0.07880208251411691,0.008018853228805429,0.047763745133414304
2025-10-08,2026-01-08,0.014768415543634283,0.02000359936770657,0.04430524663090285,-0.02430164726319628,-0.023885239715664697,0.17935367314090717,34,0.5396825396825397,-0.07880208251411724,0.0079197976390793,-0.004592211609111829
2025-10-09,2026-01-09,0.026117570001636947,0.05430985282801237,0.07835271000491084,-0.02404285717689847,-0.024163871266742354,0.1803610219691979,35,0.5555555555555556,-0.07880208251411713,0.008017538329326964,0.028307976025817805
2025-10-10,2026-01-12,0.06390161153519891,0.17980239018445898,0.19170483460559673,-0.011902444421137748,-0.02027346319906087,0.16557965349509682,36,0.5714285714285714,-0.07880208251411702,0.0068131469042515625,0.15154012568249597
2025-10-13,2026-01-13,0.040248500855466496,0.10425269628594047,0.12074550256639949,-0.016492806280459016,-0.019026732454908712,0.16047837343402477,35,0.5555555555555556,-0.07880208251411736,0.006364999036547805,0.07720623849656105
2025-10-14,2026-01-14,0.03603678929765697,0.09065782376736609,0.1081103678929709,-0.01745254412560482,-0.01923945315037523,0.1614246208888936,35,0.5555555555555556,-0.07880208251411724,0.0064347521928781615,0.06457035498862784
2025-10-15,2026-01-15,0.03247982464879917,0.07957960730981428,0.09743947394639751,-0.017859866636583233,-0.01913339106523171,0.16101123118715252,35,0.5555555555555556,-0.0788020825141168,0.006397908557897785,0.053875968992247225
2025-10-16,2026-01-16,0.03545059084318081,0.08896825828387533,0.10635177252954242,-0.017383514245667087,-0.019094702138930275,0.16080481623682805,35,0.5555555555555556,-0.0788020825141168,0.006384896015148321,0.06104850563449227
2025-10-17,2026-01-20,0.006838540890500289,-0.00014167167854395313,0.020515622671500866,-0.02065729435004482,-0.020376998915382583,0.16614569661777703,34,0.5396825396825397,-0.07880208251411691,0.006793214548177038,-0.024329262429080623
2025-10-20,2026-01-21,0.007750923897046347,0.0025104941573201867,0.02325277169113904,-0.020742277533818854,-0.02044390212616376,0.1664348007109265,34,0.5396825396825397,-0.07880208251411658,0.00681718164924641,-0.022522940031514005
2025-10-21,2026-01-22,0.015342340279367095,0.025178178788907823,0.046027020838101285,-0.02084884204919346,-0.02059602353998158,0.16703463910767818,35,0.5555555555555556,-0.07880208251411669,0.006869957707203418,0.00027837060406343817
2025-10-22,2026-01-23,0.028456291598538908,0.0656893024644063,0.08536887479561672,-0.019679572331210426,-0.020345160330106693,0.16589901839362162,36,0.5714285714285714,-0.07880208251411724,0.006787114152382106,0.03977055449330691
2025-10-23,2026-01-26,0.02437027088997401,0.05319576466352971,0.07311081266992203,-0.019915048006392322,-0.020198260620065467,0.16531537149903294,36,0.5714285714285714,-0.07880208251411669,0.006735806797505177,0.027420257414660032
2025-10-24,2026-01-27,0.02273537514179247,0.04825741366197933,0.0682061254253774,-0.019948711763398075,-0.020108232833098927,0.16494021229692904,36,0.5714285714285714,-0.07880208251411691,0.006703959352350741,0.022793053545585362
2025-10-27,2026-01-28,0.008167619290229133,0.004978103653529464,0.0245028578706874,-0.019524754217157936,-0.01924988883448786,0.16123121250017752,36,0.5714285714285714,-0.0788020825141168,0.006397761224878951,-0.01984024735892853
2025-10-28,2026-01-29,-0.005514125007900161,-0.03532218849149016,-0.016542375023700484,-0.018779813467789674,-0.019186505995626768,0.16096179574251518,35,0.5555555555555556,-0.07880208251411713,0.006374449016722938,-0.05886304475606685
2025-10-29,2026-01-30,-0.02186325243405629,-0.08247669288298909,-0.06558975730216887,-0.016886935580820217,-0.019565963932520636,0.16245021222982922,34,0.5396825396825397,-0.07880208251411713,0.006498433484734642,-0.10455186137136219
2025-10-30,2026-02-02,0.0001437584857439944,-0.018562207269393505,0.00043127545723198324,-0.018993482726625488,-0.018985355634032253,0.16016826698776293,35,0.5555555555555556,-0.07342425009492515,0.006311841061161377,-0.04248848727083143
2025-10-31,2026-02-03,-0.019950085046179233,-0.07715371083241296,-0.0598502551385377,-0.017303455693875258,-0.019641803365691435,0.16279143870743185,34,0.5396825396825397,-0.07342425009492504,0.006524622851776123,-0.10006854009595612
2025-11-03,2026-02-04,-0.04165611947854708,-0.13789251278502612,-0.12496835843564125,-0.012924154349384875,-0.020516115773085875,0.1660359334024425,33,0.5238095238095238,-0.07342425009492504,0.00680689479512065,-0.15889114266396243
2025-11-04,2026-02-05,-0.035882115462253616,-0.12163635827287911,-0.10764634638676085,-0.013990011886118259,-0.019869434030220012,0.16359443473693205,33,0.5238095238095238,-0.06034206135284348,0.00660211030893868,-0.14223982715160333
2025-11-05,2026-02-06,-0.02186818123475831,-0.08382298459615567,-0.06560454370427493,-0.01821844089188074,-0.020989765695847096,0.168689066014042,33,0.5238095238095238,-0.06034206135284326,0.007006571523298822,-0.10649947015189021
2025-11-06,2026-02-09,0.004332401458302826,-0.0072947273229627685,0.012997204374908478,-0.020291931697871246,-0.02008612597338688,0.16523535414531157,34,0.5396825396825397,-0.06026667522423523,0.006718274260756504,-0.031901955281130046
2025-11-07,2026-02-10,0.002837274904056386,-0.011756424944139643,0.008511824712169158,-0.0202682496563088,-0.020120672861300815,0.16538157764473407,34,0.5396825396825397,-0.060266675224235455,0.0067298412482377805,-0.03535640007562946
2025-11-10,2026-02-11,-0.016237985976284675,-0.0658094468031557,-0.048713957928854024,-0.01709548887430168,-0.01878241281992754,0.15931723094519154,34,0.5396825396825397,-0.06026667522423523,0.006247555179714432,-0.08792476266524751
2025-11-11,2026-02-12,-0.03367279630612785,-0.11574499524115489,-0.10101838891838355,-0.01472660632277134,-0.020047761955264476,0.16426858969501543,34,0.5396825396825397,-0.05775697025274751,0.006654132700077332,-0.13651816067275113
2025-11-12,2026-02-13,-0.030849487988664603,-0.10798218990000086,-0.09254846396599381,-0.015433725934007048,-0.020059206678585295,0.16435083794498814,35,0.5555555555555556,-0.05715233252266194,0.006658052659253463,-0.13097265800089697
2025-11-13,2026-02-17,-0.01166995397764592,-0.05271944449301624,-0.03500986193293776,-0.017709582560078485,-0.01876591145992168,0.15927065330027387,35,0.5555555555555556,-0.05715233252266183,0.006242298560272091,-0.0760557997324669
2025-11-14,2026-02-18,-0.005042210031862782,-0.03369079931172225,-0.015126630095588345,-0.018564169216133908,-0.018925145316381786,0.15998749339156088,35,0.5555555555555556,-0.057152332522662164,0.006297485297304932,-0.056902806950544504
2025-11-17,2026-02-19,-0.0003147467117248226,-0.019675311676399243,-0.0009442401351744678,-0.018731071541224775,-0.018749066756278188,0.15924466486381958,35,0.5555555555555556,-0.057152332522662275,0.006239210961026849,-0.04301812836844743
2025-11-18,2026-02-20,0.02096225117807915,0.04450155164336045,0.06288675353423745,-0.018385201890877,-0.018523207760963167,0.15823531896029927,36,0.5714285714285714,-0.05715233252266194,0.006169264298746851,0.017893452623017225
2025-11-19,2026-02-23,0.0025672228982949186,-0.011293633876215403,0.007701668694884756,-0.01899530257110016,-0.018869392180900002,0.1597767127639642,35,0.5555555555555556,-0.05715233252266194,0.00628136342104416,-0.035682158920540163
2025-11-20,2026-02-24,0.037905305035258685,0.09858300696731215,0.11371591510577606,-0.015132908138463907,-0.01743863872838558,0.15368220020145645,36,0.5714285714285714,-0.05715233252266205,0.005836387712625011,0.071689989235737
2025-11-21,2026-02-25,0.04509634450150002,0.1210817911274169,0.13528903350450006,-0.014207242377083151,-0.01787150267123816,0.15557407521238792,36,0.5714285714285714,-0.05715233252266194,0.005989999831504642,0.09245998315079995
2025-11-24,2026-02-26,0.006742018639699809,0.0035161019657925507,0.020226055919099428,-0.016709953953306877,-0.01651042753099974,0.14924517478418117,35,0.5555555555555556,-0.05715233252266183,0.0054815640469671615,-0.020164447924823747
2025-11-25,2026-02-27,-0.0026277324311445582,-0.02416394987027015,-0.007883197293433675,-0.016280752576836477,-0.01643063524348576,0.14888629920479096,34,0.5396825396825397,-0.05715233252266194,0.005453817890879257,-0.0478754085752745
2025-11-26,2026-03-02,-0.010060722483598128,-0.045605827777228436,-0.030182167450794384,-0.015423660326434052,-0.016210663436156292,0.14782867876411931,34,0.5396825396825397,-0.05715233252266205,0.0053774827600542715,-0.06876522390856288
2025-11-28,2026-03-03,-0.02853451756156633,-0.09819144773708399,-0.08560355268469899,-0.012587895052385,-0.016368955078534198,0.14836164325750342,33,0.5238095238095238,-0.05715233252266205,0.005426367312815868,-0.11807847451411813
2025-12-01,2026-03-04,-0.010402320268320997,-0.04735257477299859,-0.03120696080496299,-0.0161456139680356,-0.016993945000082555,0.15149376031212392,34,0.5396825396825397,-0.05715233252266205,0.0056474400214169464,-0.07012025901942698
2025-12-02,2026-03-05,-0.021045016077170797,-0.07761846428708197,-0.06313504823151239,-0.014483416055569576,-0.01684399677314874,0.1507317710290292,33,0.5238095238095238,-0.05715233252266205,0.005595269342877965,-0.09945750452079616
2025-12-03,2026-03-06,-0.03812227354375153,-0.12565536532936006,-0.11436682063125458,-0.011288544698105474,-0.0175215237397508,0.15347378641255502,32,0.5079365079365079,-0.05715233252266183,0.005815597621091703,-0.1463458430597948
2025-12-04,2026-03-09,-0.024368317976048548,-0.08807845028472083,-0.07310495392814564,-0.014973496356575189,-0.018026440705026903,0.15597686322932958,33,0.5238095238095238,-0.05715233252266194,0.005993103455617146,-0.11025040533237274
2025-12-05,2026-03-10,-0.028314254652427095,-0.09905409296959,-0.08494276395728129,-0.014111329012308715,-0.01797799017123969,0.15572023500960827,33,0.5238095238095238,-0.05715233252266205,0.005976478215593042,-0.12021371326803232
2025-12-08,2026-03-11,-0.026574613955275717,-0.09419643949791012,-0.07972384186582715,-0.014472597632082973,-0.017967141719802848,0.1556908066844189,33,0.5238095238095238,-0.05715233252266194,0.005972814797512627,-0.11559139784946304
2025-12-09,2026-03-12,-0.04446044316454667,-0.14400373832365698,-0.13338132949364,-0.010622408830016972,-0.018871578148593193,0.15922345863894757,32,0.5079365079365079,-0.05715233252266205,0.0062658742704425245,-0.1638993036957691
2025-12-10,2026-03-13,-0.05399850225458469,-0.16942961225716435,-0.16199550676375407,-0.007434105493410281,-0.01892779630889152,0.15926544965374764,31,0.49206349206349204,-0.062379583714980535,0.006284229860974637,-0.18923212709620496
2025-12-11,2026-03-16,-0.04028261773074526,-0.13306680187571385,-0.12084785319223579,-0.01221894868347806,-0.01925624415488747,0.16099243033188881,32,0.5079365079365079,-0.0623795837149802,0.006399598179543793,-0.15416146854393198
2025-12-12,2026-03-17,-0.016801929532935245,-0.06685388380640289,-0.050405788598805734,-0.016448095207597158,-0.01819192401035552,0.15687568432597707,33,0.5238095238095238,-0.0623795837149802,0.006057907147774175,-0.08822415751609236
2025-12-15,2026-03-18,-0.025616667212631006,-0.0922076990088656,-0.07685000163789302,-0.01535769737097259,-0.018710943740552155,0.1589850291725496,33,0.5238095238095238,-0.0623795837149802,0.006227029906300079,-0.11380238369857731
2025-12-16,2026-03-19,-0.030617082141397578,-0.10612866349459094,-0.09185124642419273,-0.014277417070398202,-0.0187290912387007,0.15900947771481083,32,0.5079365079365079,-0.06348504469220773,0.006233089000810915,-0.1268870628702462
2025-12-17,2026-03-20,-0.030562448993188385,-0.10597159823817381,-0.09168734697956515,-0.01428425125860866,-0.018722588567415155,0.1589839323443623,32,0.5079365079365079,-0.08079340513565592,0.006231041352208561,-0.12793522267206492
2025-12-18,2026-03-23,-0.03465712268719934,-0.11698546334399751,-0.10397136806159801,-0.013014095282399496,-0.01842596071982039,0.15757275049433708,32,0.5079365079365079,-0.0807934051356558,0.0061252231491952785,-0.13473112017084088
2025-12-19,2026-03-24,-0.05359371201685392,-0.16764648547846273,-0.16078113605056177,-0.0068653494279009575,-0.018082576656023974,0.15562922283794361,31,0.49206349206349204,-0.0807934051356558,0.006002042116041804,-0.18497757847533625
2025-12-22,2026-03-25,-0.05069362574893754,-0.16004772106847753,-0.15208087724681263,-0.007966843821664904,-0.01817198089585592,0.15609754341625096,31,0.49206349206349204,-0.08079340513565558,0.006033026518871303,-0.1817511520737326
2025-12-23,2026-03-26,-0.07767115140409253,-0.2309959187527345,-0.2330134542122776,0.002017535459543085,-0.019898019997182548,0.16235652112319118,30,0.47619047619047616,-0.09385363696661508,0.006580766703213167,-0.25049990910743514
2025-12-24,2026-03-27,-0.09832833811485231,-0.28236584887852245,-0.29498501434455693,0.012619165466034477,-0.021056029469242676,0.16618935256300668,29,0.4603174603174603,-0.11155680490192954,0.006953893151393445,-0.29949421965317846
2025-12-26,2026-03-30,-0.10516276907788169,-0.2986863686164545,-0.31548830723364507,0.016801938617190593,-0.021231137572630954,0.16659778749843512,29,0.4603174603174603,-0.11834749376204134,0.007012309953511244,-0.31495208822997667
2025-12-29,2026-03-31,-0.07036899834103738,-0.21607560957017835,-0.21110699502311214,-0.004968614547066208,-0.02424141258225354,0.1809930418973555,30,0.47619047619047616,-0.11834749376204157,0.008134970542532791,-0.23508900715727654
2025-12-30,2026-04-01,-0.056697286214745124,-0.18132746084543538,-0.17009185864423537,-0.011235602201200012,-0.024657898215169838,0.18295740452382686,31,0.49206349206349204,-0.11834749376204123,0.00828219196410382,-0.20092421441774477
2025-12-31,2026-04-02,-0.047744624049746776,-0.1576228457713461,-0.14323387214924033,-0.014388973622105783,-0.02445730643183408,0.18237653909688978,32,0.5079365079365079,-0.11834749376204157,0.00821518557936141,-0.1781107738998483
2026-01-02,2026-04-06,-0.040155271398747305,-0.13740344626617262,-0.12046581419624192,-0.016937632069930708,-0.02455055411288909,0.18285247843896438,33,0.5238095238095238,-0.11834749376204168,0.008247640992316039,-0.15759312320916885
2026-01-05,2026-04-07,-0.04757358533309508,-0.15709326692750059,-0.14272075599928524,-0.014372510928215343,-0.024369816088442575,0.1820377083056096,33,0.5238095238095238,-0.11834749376204146,0.008184573446328565,-0.17630597014925464
2026-01-06,2026-04-08,-0.027798274036763715,-0.10548819495894002,-0.08339482211029114,-0.022093372848648873,-0.026542684529314964,0.19107409506069933,33,0.5238095238095238,-0.11834749376204112,0.008991366065706547,-0.1274313761134338
2026-01-07,2026-04-09,-0.022162751193871122,-0.08996250872993472,-0.06648825358161337,-0.023474255148321355,-0.02667124478467975,0.19159100479464689,33,0.5238095238095238,-0.11834749376204146,0.00903620057446407,-0.11256117455138637
2026-01-08,2026-04-10,-0.01514980579238212,-0.07015578347412721,-0.04544941737714636,-0.024706366096980847,-0.026581334846114912,0.1913039794275083,34,0.5396825396825397,-0.11834749376204146,0.009005916626238626,-0.09263701789998058
2026-01-09,2026-04-13,-0.014776988749699904,-0.06912022549196406,-0.04433096624909971,-0.024789259242864348,-0.02660311107970681,0.19138778392796757,34,0.5396825396825397,-0.11834749376204123,0.009013678806989575,-0.09146341463414587
2026-01-12,2026-04-14,0.0022800835499154903,-0.020851567606109733,0.006840250649746471,-0.027691818255856204,-0.027518761706607053,0.19485975332535477,34,0.5396825396825397,-0.11834749376204134,0.009342669799916478,-0.044372875290749736
2026-01-13,2026-04-15,0.017820643842617168,0.02482980873471119,0.0534619315278515,-0.028632122793140313,-0.028063294831358054,0.1967959032618836,35,0.5555555555555556,-0.11834749376204123,0.009536453134261401,0.0008992805755403399
2026-01-14,2026-04-16,0.033766443386329836,0.07405982409473078,0.10129933015898951,-0.027239506064258734,-0.027787546297575072,0.19570059006734095,36,0.5714285714285714,-0.11834749376204112,0.009445528916441705,0.04830020434701865
2026-01-15,2026-04-17,0.04353629901251366,0.10429492250221117,0.13060889703754097,-0.026313974535329798,-0.028232447024373553,0.19720464284163156,36,0.5714285714285714,-0.11834749376204112,0.009603768086614421,0.07741816844428162
2026-01-16,2026-04-20,0.04109390593310436,0.09652812547018441,0.12328171779931307,-0.02675359232912866,-0.02826003905707275,0.1973366403307541,36,0.5714285714285714,-0.11834749376204157,0.009613148333037703,0.07277428888068016
2026-01-20,2026-04-21,0.05964871887642764,0.15781746519241624,0.17894615662928293,-0.021128691436866687,-0.02690700943538349,0.19246969530676825,36,0.5714285714285714,-0.11834749376204157,0.009176173090279292,0.1314803863591567
2026-01-21,2026-04-22,0.06300707470630318,0.16853988123633257,0.18902122411890954,-0.02048134288257697,-0.027174212471813286,0.1934242335818988,36,0.5714285714285714,-0.11834749376204134,0.009273337424650172,0.14185473165181173
2026-01-22,2026-04-23,0.049391069012179045,0.12427547928645022,0.14817320703653714,-0.023897727750086917,-0.027116926589767054,0.19345743349438033,35,0.5555555555555556,-0.11834749376204146,0.009252219568219072,0.09870129870129984
2026-01-23,2026-04-24,0.0660971223021587,0.17763417346934118,0.19829136690647609,-0.020657193437134902,-0.0281033466838162,0.1968425632813185,35,0.5555555555555556,-0.11834749376204157,0.009608109406758311,0.15042294961382918
2026-01-26,2026-04-27,0.06198637802577367,0.16413003683917915,0.185959134077321,-0.02182909723814186,-0.028048360628187496,0.19673038216773134,35,0.5555555555555556,-0.11834749376204146,0.009589026898299442,0.13725490196078516
2026-01-27,2026-04-28,0.04186142316163144,0.09911636575332161,0.12558426948489432,-0.026467903731572706,-0.028117412640838335,0.19727262940480184,34,0.5396825396825397,-0.11834749376204123,0.009607985098404194,0.07428369296073623
2026-01-28,2026-04-29,0.04477116957771465,0.10826492442610758,0.13431350873314396,-0.026048584307036382,-0.028192941449837416,0.19750131351240222,34,0.5396825396825397,-0.11834749376204134,0.00963439507778153,0.08412197686645673
2026-01-29,2026-04-30,0.06086459177351067,0.16010359650740824,0.182593775320532,-0.022490178813123762,-0.028334215120214834,0.19774617611743733,35,0.5555555555555556,-0.113038781119425,0.009685551345714518,0.1338329764453965
2026-01-30,2026-05-01,0.08406901764034291,0.23812589176867105,0.25220705292102874,-0.01408116115235769,-0.028161705916979973,0.19668097499656864,36,0.5714285714285714,-0.10837831794806274,0.009633441679306689,0.2092592592592597
2026-02-02,2026-05-04,0.07464784233558053,0.2062801881666385,0.22394352700674158,-0.01766333884010307,-0.028037113962747107,0.19646327844940695,35,0.5555555555555556,-0.10837831794806252,0.00958984331564135,0.17803992740471863
2026-02-03,2026-05-05,0.10557646142866428,0.31378626307148827,0.31672938428599284,-0.0029431212145045738,-0.027793846493120444,0.19491029463232992,36,0.5714285714285714,-0.09470065512096992,0.009522118346129019,0.283130236100533
2026-02-04,2026-05-06,0.1486091621956256,0.4728533132894017,0.44582748658687676,0.027025826702524958,-0.028052812539040017,0.19465551154563857,37,0.5873015873015873,-0.09470065512097048,0.009648525029504617,0.4383038585209007
2026-02-05,2026-05-07,0.1639951091234959,0.5338221593448975,0.4919853273704877,0.041836831974409794,-0.027428494762015365,0.19183018859190343,37,0.5873015873015873,-0.09470065512097015,0.009442721197525965,0.4974811083123436
2026-02-06,2026-05-08,0.16662019191339295,0.5437869964394215,0.49986057574017884,0.043926420699242685,-0.027703076366520585,0.19279321960560716,37,0.5873015873015873,-0.09470065512097026,0.009545382087584674,0.5078078671674255
2026-02-09,2026-05-11,0.16110496158353937,0.5222200051544394,0.4833148847506181,0.038905120403821325,-0.02755962402577894,0.19251236186802356,37,0.5873015873015873,-0.09470065512097026,0.00949509353153675,0.4874371859296489
2026-02-10,2026-05-12,0.15662256529347385,0.5044247244951516,0.46986769588042154,0.03455702861473009,-0.027710760669121037,0.19323919295812647,37,0.5873015873015873,-0.09470065512096992,0.009545511982857129,0.46922775382203197
2026-02-11,2026-05-13,0.1657125148831371,0.5397060055637677,0.4971375446494113,0.0425684609143564,-0.02800635222106218,0.1939298916467278,37,0.5873015873015873,-0.09470065512096992,0.00964987829059831,0.502723735408561
2026-02-12,2026-05-14,0.19837173681406495,0.6747239385077686,0.5951152104421948,0.07960872806557373,-0.026875168302239127,0.18847848299558048,38,0.6031746031746031,-0.09470065512097003,0.00928672681591232,0.635930377123914
2026-02-13,2026-05-15,0.17778110047846885,0.5887633201268541,0.5333433014354065,0.055420018691447526,-0.027554073202799123,0.19189609986429068,37,0.5873015873015873,-0.09470065512097037,0.009509825113238812,0.5543635238291733
2026-02-17,2026-05-18,0.17392316647264305,0.5731186215954138,0.5217694994179292,0.05134912217748466,-0.02760559240873328,0.19226395224120976,37,0.5873015873015873,-0.09470065512096981,0.009527273563339775,0.537125129265771
2026-02-18,2026-05-19,0.15804156555902282,0.5102046987057298,0.47412469667706847,0.03608000202866135,-0.027558748049211323,0.19279912711759453,36,0.5714285714285714,-0.09470065512096981,0.009509491826461325,0.4766146993318501
2026-02-19,2026-05-20,0.18174888561154723,0.6036736828430649,0.5452466568346417,0.0584270260084232,-0.02828166366964968,0.19442645273463047,37,0.5873015873015873,-0.09470065512096992,0.009769184495043366,0.566864632398117
2026-02-20,2026-05-21,0.1736173847341531,0.5711402234455971,0.5208521542024593,0.05028806924313778,-0.028069199522372412,0.19403347719348302,37,0.5873015873015873,-0.09470065512097048,0.009694519575300521,0.5371554135037966
2026-02-23,2026-05-22,0.19309622387389624,0.6513438344631741,0.5792886716216887,0.07205516284148539,-0.02767579822333266,0.1917169019889204,38,0.6031746031746031,-0.09470065512097059,0.009564762235056881,0.6135986733001673
2026-02-24,2026-05-26,0.20137529405958454,0.685005132183599,0.6041258821787536,0.08087925000484542,-0.028226306440100823,0.19339202121060586,38,0.6031746031746031,-0.09470065512097037,0.009764627889119987,0.6462434712736047
2026-02-25,2026-05-27,0.1828663164039699,0.6092884858835643,0.5485989492119097,0.060689536671654665,-0.027640393197945645,0.19213534094191964,37,0.5873015873015873,-0.09470065512097003,0.00955586590667044,0.574513206092155
2026-02-26,2026-05-28,0.20740594839472126,0.7119544227925423,0.6222178451841638,0.0897365776083785,-0.02740447956312375,0.19007761044562654,38,0.6031746031746031,-0.08591076545231258,0.00948139316075525,0.6719280719280725
2026-02-27,2026-05-29,0.2157453605361519,0.7476565095513699,0.6472360816084557,0.10042042794291417,-0.02741354664918727,0.18965323129101389,39,0.6190476190476191,-0.08591076545231258,0.009484720974953077,0.7075928917609047
2026-03-02,2026-06-01,0.22143103816869214,0.7721119638399543,0.6642931145060764,0.10781884933387786,-0.027511885478393894,0.1896979742613938,39,0.6190476190476191,-0.0859107654523128,0.00951898789792186,0.7311871227364193
2026-03-03,2026-06-02,0.2403337876924092,0.8562071403513791,0.7210013630772276,0.1352057772741515,-0.027228774365906316,0.18757943563793694,40,0.6349206349206349,-0.0859107654523128,0.009425578996217378,0.8133056133056134
2026-03-04,2026-06-03,0.21851821530904703,0.7611189843437753,0.6555546459271411,0.10556433841663426,-0.026597132001336843,0.18642924740779843,39,0.6190476190476191,-0.08591076545231247,0.00920005382334021,0.7222443294866692
2026-03-05,2026-06-04,0.21628812139725118,0.7513907563746245,0.6488643641917535,0.10252639218287096,-0.02663963645284373,0.18671227969481002,39,0.6190476190476191,-0.08314857696539713,0.009214377426280179,0.7112449799196792
2026-03-06,2026-06-05,0.17558982909545695,0.5700410529748188,0.5267694872863709,0.04327156568844792,-0.03362975726962292,0.209973252582518,39,0.6190476190476191,-0.0814288299850271,0.011292170661642602,0.536600757257047
2026-03-09,2026-06-08,0.17821179412926114,0.5802764338033339,0.5346353823877834,0.045641051415550526,-0.0338090477921813,0.21048931278400232,39,0.6190476190476191,-0.0814288299850271,0.011357649395447538,0.5442397246406168
2026-03-10,2026-06-09,0.1646346479753844,0.5256471943307128,0.4939039439261532,0.03174325040455961,-0.03420490387055941,0.212338648547001,38,0.6031746031746031,-0.08142882998502732,0.011490066039529444,0.49230769230769145
2026-03-11,2026-06-10,0.14151952475768814,0.4347822766709666,0.4245585742730644,0.010223702397902157,-0.035425068156756945,0.2170004859559869,38,0.6031746031746031,-0.08130790370090013,0.011889111185046175,0.40364741641337365
2026-03-12,2026-06-11,0.20068311957941187,0.6659450658111521,0.6020493587382356,0.06389570707291647,-0.037556016928775415,0.22237850162140663,39,0.6190476190476191,-0.0746382456780097,0.012735341409372027,0.6231048473200942
2026-03-13,2026-06-12,0.2149498079902985,0.7260467593029207,0.6448494239708955,0.08119733533202522,-0.03755139678002095,0.221704123651006,40,0.6349206349206349,-0.07463824567800958,0.012734840389081212,0.6877857609405627
2026-03-16,2026-06-15,0.23921516372963736,0.8272215304172892,0.7176454911889121,0.10957603922837711,-0.03982355695415496,0.2282585170465236,40,0.6349206349206349,-0.07463824567800947,0.013595834301744606,0.7823430257058588
2026-03-17,2026-06-16,0.20975949346107203,0.6981778723266219,0.6292784803832161,0.06889939194340577,-0.040851038307511245,0.23263360873545055,39,0.6190476190476191,-0.07463824567800947,0.013933221864738526,0.6596760797342214
2026-03-18,2026-06-17,0.21450663977138995,0.7187507022299411,0.6435199193141699,0.07523078291577123,-0.040570189698270864,0.23160586598296834,39,0.6190476190476191,-0.0703200385976196,0.013840318247927077,0.6819956616052065
2026-03-19,2026-06-18,0.24889548413206897,0.8656819648113816,0.7466864523962069,0.1189955124151747,-0.042234194672848835,0.23530825277717146,40,0.6349206349206349,-0.07032003859761982,0.01445860554325387,0.8137448019260232
2026-03-20,2026-06-22,0.267824622891111,0.9538344977207411,0.8034738686733329,0.1503606290474082,-0.04123929278057448,0.23147291326457464,40,0.6349206349206349,-0.07032003859761993,0.01413003007055186,0.916898792943361
2026-03-23,2026-06-23,0.2136904761904761,0.7085138600877914,0.6410714285714283,0.06744243151636309,-0.04435921988414937,0.24249453037536886,39,0.6190476190476191,-0.07032003859761993,0.015110208328897656,0.6701817365941221
2026-03-24,2026-06-24,0.2168567416692353,0.7220719926112487,0.6505702250077059,0.07150176760354277,-0.04427500129801332,0.24211399159422042,39,0.6190476190476191,-0.07032003859761982,0.01508149402475839,0.6804218248509868
2026-03-25,2026-06-25,0.21870640672314567,0.7298235468419023,0.656119220169437,0.07370432667246529,-0.044337550216084876,0.24221911077345396,39,0.6190476190476191,-0.07032003859761982,0.01510395665253377,0.6884433430952919
2026-03-26,2026-06-26,0.23132156363826395,0.7863031671543739,0.6939646909147918,0.09233847623958202,-0.04315693673440524,0.23843305925304337,39,0.6190476190476191,-0.07032003859761982,0.014723720278862405,0.7421780257094359
2026-03-27,2026-06-29,0.2870702833374805,1.0390011085330322,0.8612108500124416,0.1777902585205906,-0.04366363036674348,0.2375891319380158,40,0.6349206349206349,-0.07032003859761993,0.014959767123257582,0.9904589994842703
2026-03-30,2026-06-30,0.31905137207136125,1.1933742820047275,0.9571541162140837,0.23622016579064375,-0.04428672843030412,0.23774333363164768,41,0.6507936507936508,-0.07032003859761993,0.015190846040309966,1.1377672209026137
2026-03-31,2026-07-01,0.25640181572472964,0.9000550270375427,0.7692054471741889,0.13084957986335377,-0.04196690361529032,0.2333576148256203,40,0.6349206349206349,-0.07032003859761993,0.014277312431186882,0.8584452975047994
2026-04-01,2026-07-02,0.21955811127654878,0.736881184644353,0.6586743338296464,0.07820685081470669,-0.0424474581985298,0.23643512449438847,39,0.6190476190476191,-0.0703200385976197,0.014425174665308965,0.6967383761276891
2026-04-02,2026-07-06,0.2356319874183732,0.8054009383500353,0.7068959622551196,0.09850497609491571,-0.043012563914434754,0.23742534128016202,39,0.6190476190476191,-0.07032003859761993,0.014629548423843026,0.7636741287791369
2026-04-06,2026-07-07,0.2054885301614262,0.6748336549717331,0.6164655904842786,0.05836806448745446,-0.04394598084024637,0.24139745189346423,38,0.6031746031746031,-0.07032003859761982,0.01493650382538526,0.637868480725623
2026-04-07,2026-07-08,0.20871914235715883,0.6882947963614277,0.6261574270714765,0.06213736928995117,-0.04396876453966869,0.24132464106848622,38,0.6031746031746031,-0.0703200385976196,0.014944507802527847,0.6471121177802943
2026-04-08,2026-07-09,0.19335412232506632,0.6274259061866179,0.580062366975199,0.04736353921141889,-0.04237999069744092,0.2368375654738529,38,0.6031746031746031,-0.0703200385976197,0.014337477970205136,0.5904166666666673
2026-04-09,2026-07-10,0.18899031449220716,0.6098093348176943,0.5669709434766215,0.04283839134107281,-0.04227794045277433,0.2367090576254298,38,0.6031746031746031,-0.07032003859761982,0.014301223162300947,0.5733251633986922
2026-04-10,2026-07-13,0.16474381003812955,0.5116079840883736,0.49423143011438864,0.017376553973984965,-0.04336130452778042,0.24069687163202866,37,0.5873015873015873,-0.0703200385976197,0.014659374289777259,0.47732357128330216
2026-04-13,2026-07-14,0.16569753316380265,0.5152467213273886,0.49709259949140794,0.01815412183598064,-0.043410255147917076,0.24081157328226444,37,0.5873015873015873,-0.0703200385976196,0.01467717133251606,0.48085274378207665
2026-04-14,2026-07-15,0.1418071905822451,0.4252925817844062,0.42542157174673534,-0.00012898996232912907,-0.04252883488488102,0.23892375400534474,36,0.5714285714285714,-0.07032003859761982,0.014354833145944955,0.3937464894214566
2026-04-15,2026-07-16,0.10753059303420098,0.30038149978430884,0.32259177910260295,-0.022210279318294113,-0.042798020940858716,0.2405741001282105,35,0.5555555555555556,-0.07032003859761982,0.01442914079838302,0.27115902964959493
2026-04-16,2026-07-17,0.08565584648773528,0.22406196570642023,0.25696753946320583,-0.0329055737567856,-0.043407707709334,0.24280521559749516,34,0.5396825396825397,-0.07032003859761982,0.014631831740796148,0.1967038809144066
2026-04-17,2026-07-20,0.07275949757262823,0.1815389821597413,0.2182784927178847,-0.036739510558143396,-0.0429360669909683,0.24164577888472916,34,0.5396825396825397,-0.07032003859761982,0.014461739194930613,0.15463389656938054
2026-04-20,2026-07-21,0.09613630390080297,0.25927591286658624,0.2884089117024089,-0.029132998835822654,-0.04384739838635998,0.24393094373318278,35,0.5555555555555556,-0.0703200385976197,0.014795660080976616,0.22882231404958664
2026-04-21,2026-07-22,0.09470302484751625,0.2542981148345136,0.28410907454254875,-0.029810959708035156,-0.043881293646257036,0.244061548763317,35,0.5555555555555556,-0.0703200385976197,0.014807265466377622,0.2243902439024401
2026-04-22,2026-07-23,0.05625009540382542,0.12633274874283074,0.16875028621147625,-0.042417537468645516,-0.04420131628484725,0.24548304845650834,34,0.5396825396825397,-0.07263857617669145,0.014887726559162342,0.10114598903836458
2026-04-23,2026-07-24,0.05036689079242307,0.10729641084464392,0.1511006723772692,-0.04380426153262529,-0.04447771285141555,0.24633851832986173,34,0.5396825396825397,-0.08299828455022995,0.01498079485397316,0.0807159743329946
2026-04-24,2026-07-27,0.02747484485147944,0.037517340526511456,0.08242453455443832,-0.04490719402792687,-0.043507057730375,0.243648915029925,33,0.5238095238095238,-0.08582609627961768,0.014624445280555438,0.013427109974423423
2026-04-27,2026-07-28,0.016951959411649398,0.0056736919826394505,0.05085587823494819,-0.04518218625230874,-0.04378450484217333,0.2445125844148367,32,0.5079365079365079,-0.09471159000750506,0.014718639854620647,-0.01724137931034575
2026-04-28,2026-07-29,0.0063569310318611905,-0.026410775402408992,0.01907079309558357,-0.045481568497992564,-0.04474431166767967,0.24715832026630058,32,0.5079365079365079,-0.11315267502948367,0.015032454590175024,-0.04922621007573302
2026-04-29,2026-07-30,0.033223997460585464,0.05062972460245452,0.09967199238175639,-0.049042267779301874,-0.047497267131297205,0.2554604040888922,32,0.5079365079365079,-0.1131526750294839,0.01608237457700934,0.023278370514063562
2026-04-30,2026-07-31,0.030326174858478216,0.04195020598345711,0.09097852457543465,-0.04902831859197754,-0.04737326428771971,0.25513199943770276,32,0.5079365079365079,-0.11315267502948356,0.01603758625230399,0.016997167138810276
2026-05-01,2026-08-03,0.038448416524512474,0.06613198014068722,0.11534524957353742,-0.049213269432850204,-0.047957830090710085,0.2567641989393959,32,0.5079365079365079,-0.11315267502948367,0.016253732219213494,0.040735068912709727
2026-05-04,2026-08-04,0.07574901914160015,0.18145224474829158,0.22724705742480045,-0.04579481267650887,-0.050962670169980795,0.26515672467675505,33,0.5238095238095238,-0.113152675029484,0.017404010496502156,0.15267293175165597
2026-05-05,2026-08-05,0.05236132099000934,0.1063195032352453,0.15708396297002802,-0.05076445973478272,-0.05073834890072515,0.26487288471693815,32,0.5079365079365079,-0.1131526750294839,0.017317565138670225,0.08087253301676811
2026-05-06,2026-08-06,0.027135403940957925,0.029873099716008378,0.08140621182287378,-0.0515331121068654,-0.04961271469709316,0.2619328515115472,31,0.49206349206349204,-0.11315267502948378,0.016899640469687487,0.006427273997485106
2026-05-07,2026-08-07,0.040420755748697745,0.0699310725657094,0.12126226724609324,-0.05133119468038383,-0.04998868532773704,0.2628543716504163,32,0.5079365079365079,-0.11315267502948456,0.017035716943232904,0.04387440426128375
2026-05-08,2026-08-10,0.013553983943310532,-0.009324824949486166,0.0406619518299316,-0.04998677677941776,-0.048539802445778935,0.2588715024219483,31,0.49206349206349204,-0.11315267502948356,0.01649516716079961,-0.03251179863660181
2026-05-11,2026-08-11,0.007234084313532341,-0.027750123790835635,0.021702252940597022,-0.04945237673143266,-0.04854849912908976,0.2589230798538936,30,0.47619047619047616,-0.11315267502948456,0.016498047897424626,-0.05067567567567599
2026-05-12,2026-08-12,0.023273570499406482,0.01950552447766185,0.06982071149821945,-0.050315187020557595,-0.048487907416328246,0.2586855439994093,31,0.49206349206349204,-0.11315267502948356,0.01647950462842478,-0.0048025613660618305
2026-05-13,2026-08-13,0.024289571994235537,0.02248012534208277,0.07286871598270661,-0.05038859064062384,-0.048548574454222004,0.2588519703266572,31,0.49206349206349204,-0.1131526750294839,0.01650170718131964,-0.001165199378560633
2026-05-14,2026-08-14,0.015671237444254915,-0.002969970548905576,0.047013712332764745,-0.04998368288167032,-0.04841239346820403,0.25852894909310237,30,0.47619047619047616,-0.113152675029484,0.016453052601071532,-0.02735908803039966
2026-05-15,2026-08-17,0.02953747196479206,0.039155888015602436,0.08861241589437618,-0.04945652787877375,-0.04774288099739876,0.2566515180470558,30,0.47619047619047616,-0.11315267502948423,0.01622810717757021,0.014069551367134947
2026-05-18,2026-08-18,0.01647588825296098,-0.0007397108353648374,0.04942766475888294,-0.050167375594247776,-0.04854690079295554,0.25886437557948344,30,0.47619047619047616,-0.1131526750294839,0.0164963758060295,-0.024085037674919874
2026-05-19,2026-08-19,0.020740381737060387,0.011995021482227974,0.06222114521118116,-0.05022612372895319,-0.048448086343449326,0.2585695264023874,30,0.47619047619047616,-0.11315267502948412,0.016462371209879388,-0.011929247223365302
2026-05-20,2026-08-20,-0.003112949589848535,-0.05671283175536024,-0.009338848769545605,-0.04737398298581463,-0.04784848436733902,0.2569144812194261,29,0.4603174603174603,-0.11315267502948478,0.016239735775554872,-0.07881322702914717
2026-05-21,2026-08-21,-0.0014975297756502082,-0.05214453301031219,-0.0044925893269506245,-0.047651943683361564,-0.047873421813805384,0.25698193391300755,29,0.4603174603174603,-0.11315267502948412,0.016248564046234943,-0.07511371020142943
2026-05-22,2026-08-24,-0.01563675892633065,-0.09207344914972015,-0.046910276778991955,-0.0451631723707282,-0.04811484496993068,0.2576248302176414,28,0.4444444444444444,-0.11315267502948367,0.016330177506935818,-0.11343782117163403
2026-05-26,2026-08-25,-0.026784247138083583,-0.12187913433428599,-0.08035274141425075,-0.04152639292003524,-0.04736418097282269,0.2553959869776368,28,0.4444444444444444,-0.1131526750294839,0.016053739966164098,-0.14252593044539408
2026-05-27,2026-08-26,-0.0247857975186786,-0.1164572647066543,-0.0743573925560358,-0.0420998721506185,-0.04736286268223555,0.2554017370022194,29,0.4603174603174603,-0.11315267502948445,0.0160532846495076,-0.13713725970368595
2026-05-28,2026-08-27,-0.019698205546492265,-0.10285662743034141,-0.059094616639476794,-0.043762010790864614,-0.04768097539714189,0.2563452711025959,29,0.4603174603174603,-0.1131526750294839,0.01616967058542226,-0.12404397705544945
2026-05-29,2026-08-28,-0.029635248066530173,-0.12994007265423058,-0.08890574419959052,-0.04103432845464006,-0.04776502480279077,0.2565282764982566,28,0.4444444444444444,-0.113152675029484,0.0161982182624085,-0.1503074739829714
2026-06-01,2026-08-31,-0.034978592778091566,-0.14414367951771012,-0.1049357783342747,-0.03920790118343542,-0.04766439886734686,0.25621006620765674,28,0.4444444444444444,-0.1131526750294839,0.016162428155135484,-0.16410971641097172
2026-06-02,2026-09-01,-0.05162431650048216,-0.18802956234352275,-0.15487294950144648,-0.03315661284207627,-0.048083209031502316,0.2571664055823922,27,0.42857142857142855,-0.11315267502948412,0.01630312431969998,-0.2071772529236413
2026-06-03,2026-09-02,-0.046989425027881504,-0.17606208766249865,-0.1409682750836445,-0.03509381257885413,-0.04807808001042324,0.2572046902420556,28,0.4444444444444444,-0.11082893269372884,0.016301406848911692,-0.19593345656192263
2026-06-04,2026-09-03,-0.030974466993423988,-0.1341164721911028,-0.09292340098027196,-0.04119307121083082,-0.04840135184100458,0.2582664736940444,29,0.4603174603174603,-0.11057795698924677,0.01641928305214788,-0.15477587420793248
2026-06-05,2026-09-04,0.019714634215528548,0.017004355186345244,0.059143902646585644,-0.0421395474602404,-0.040849281103196855,0.23945577837192064,30,0.47619047619047616,-0.11057795698924677,0.01411842066974598,-0.009308692676248898
2026-06-08,2026-09-08,0.0031980113676035593,-0.030939485900766006,0.009594034102810678,-0.040533520003576684,-0.04017753585705186,0.23746508422029142,29,0.4603174603174603,-0.11057795698924722,0.013875267279287609,-0.053887504916742546
2026-06-09,2026-09-09,0.011980277750307078,-0.0048825650233252915,0.035940833250921234,-0.040823398274246525,-0.03980776573926792,0.2363650715294213,29,0.4603174603174603,-0.1105779569892471,0.013750994095827513,-0.029435702658708873
2026-06-10,2026-09-10,0.021623491761451064,0.024774041636606237,0.06487047528435319,-0.040096433647746954,-0.03892893190570257,0.23383366557953944,29,0.4603174603174603,-0.11057795698924622,0.013465095526305848,-0.0008661758336945269
2026-06-11,2026-09-11,-0.003123605533243423,-0.045128442716904194,-0.00937081659973027,-0.035757626117173924,-0.036124324510224515,0.2245033080766006,29,0.4603174603174603,-0.110577956989247,0.012400574690559212,-0.06617550322326049
2026-06-12,2026-09-14,-0.01685751518008105,-0.08413765170772058,-0.05057254554024315,-0.03356510616747743,-0.036213555225178884,0.2247497497694164,28,0.4444444444444444,-0.11057795698924688,0.012429520156261541,-0.10642414860681149
2026-06-15,2026-09-15,-0.0530376344086011,-0.17944465584077263,-0.1591129032258033,-0.020331752614969334,-0.03370502789061003,0.21570721534960494,27,0.42857142857142855,-0.11057795698924655,0.011485503790848424,-0.19730464593923658
2026-06-16,2026-09-16,-0.03444496204751535,-0.12916403951580335,-0.10333488614254605,-0.025829153373257308,-0.032601851199839826,0.21250647992964752,28,0.4444444444444444,-0.1065188625745993,0.011124364733887077,-0.15013136494432677
2026-06-17,2026-09-17,-0.00773691713609348,-0.05539912537390501,-0.02321075140828044,-0.03218837396562457,-0.03313054101904589,0.21452460904679604,29,0.4603174603174603,-0.10651886257459875,0.011322651094827997,-0.0794428681970597
2026-06-18,2026-09-18,-0.02588371904620368,-0.10480819987121548,-0.07765115713861104,-0.02715704273260444,-0.031535536716005175,0.20881009125101288,29,0.4603174603174603,-0.1065188625745993,0.010734302894435476,-0.12344636177144974
2026-06-22,2026-09-21,0.00476997086523534,-0.019681969382095876,0.01430991259570602,-0.0339918819778019,-0.033577462253218004,0.21610109515955675,30,0.47619047619047616,-0.10328613049664592,0.01149135046723212,-0.04444175345119905
2026-06-23,2026-09-22,0.047376164786661734,0.11413935089073246,0.1421284943599852,-0.027989143469252742,-0.030313265633130304,0.20589733532530274,31,0.49206349206349204,-0.10139869636067322,0.01047229037562152,0.08584094572810308
2026-06-24,2026-09-23,0.04304691677690009,0.10020489578059744,0.12914075033070027,-0.028935854550102835,-0.03046823570860202,0.20647246281193857,31,0.49206349206349204,-0.10139869636067333,0.010524180953618316,0.07312414733969907
2026-06-25,2026-09-24,0.034506825986209355,0.07360835190749992,0.10352047795862807,-0.02991212605112814,-0.030281235494098113,0.20593686130511346,30,0.47619047619047616,-0.101398696360673,0.010458502260175015,0.04843228819212775
2026-06-26,2026-09-25,0.053756440015854334,0.1352607501683596,0.161269320047563,-0.026008569879203414,-0.02976955654812463,0.2039882176682004,31,0.49206349206349204,-0.10139869636067345,0.010290112015485582,0.10817207295002063
2026-06-29,2026-09-28,0.017194232681472243,0.02255673315114559,0.05158269804441673,-0.02902596489327114,-0.028426310825471535,0.19936988115508325,30,0.47619047619047616,-0.10139869636067345,0.0097869807025565,-0.0019432568985615628
2026-06-30,2026-09-29,0.002077675176534788,-0.02155600082656728,0.0062330255296043635,-0.027789026356171642,-0.027629412638727313,0.19650537738477586,30,0.47619047619047616,-0.10139869636067333,0.009501093933455364,-0.04370370370370369
2026-07-01,2026-09-30,0.02013321014382874,0.03302354255228823,0.06039963043148622,-0.027376087879197986,-0.02694013307503651,0.19405800486022476,31,0.49206349206349204,-0.08791057325191931,0.009274752925157632,0.007358636715724565
2026-07-02,2026-10-01,0.04129946674151075,0.09967613237404249,0.12389840022453225,-0.024222267850489754,-0.026047310567517967,0.1907454046215337,32,0.5079365079365079,-0.08791057325191931,0.008983623042761521,0.07334696659850048
2026-07-06,2026-10-02,0.0370216651448505,0.08649597955401811,0.1110649954345515,-0.024569015880533396,-0.025762965611288324,0.1897145496785363,32,0.5079365079365079,-0.08791057325191942,0.008881460841670201,0.06006281078251807
2026-07-07,2026-10-05,0.06592616607699231,0.18091043205947632,0.19777849823097693,-0.016868066171500606,-0.024930461200750265,0.1863374655107982,33,0.5238095238095238,-0.08791057325191931,0.008616294921052921,0.15076837878997695
2026-07-08,2026-10-06,0.06777802766220709,0.18703072957834554,0.20333408298662126,-0.01630335340827571,-0.02496765607101492,0.18643659721041764,33,0.5238095238095238,-0.08791057325191909,0.00862920283971325,0.15855335533553383
2026-07-09,2026-10-07,0.047630240017697334,0.12196703627836114,0.142890720053092,-0.02092368377473086,-0.024210771655224894,0.18387033819439888,32,0.5079365079365079,-0.08791057325191942,0.008358691293295873,0.09536285040607817
